order_id,customer_id,employee_id,shipping_method_id,order_date,ship_date,freight_charge,is_orderdate_gt_shipdate,ship_lead_days
2,1,1,1.0,,,0.0,False,
4,2,2,1.0,,,0.0,False,
5,2,1,1.0,,,0.0,False,
6,3,1,1.0,,,0.0,False,
7,4,1,1.0,,,0.0,False,
8,5,1,1.0,,,0.0,False,
9,5,1,1.0,,,0.0,False,
10,6,1,1.0,,,0.0,False,
11,3,1,1.0,,,0.0,False,
12,3,1,1.0,,,0.0,False,
13,2,1,1.0,,,0.0,False,
14,7,2,1.0,,,0.0,False,
15,9,1,1.0,,,0.0,False,
16,10,1,1.0,,,0.0,False,
17,4,1,1.0,,,0.0,False,
18,11,1,1.0,,,0.0,False,
19,12,1,1.0,,,0.0,False,
20,2,1,1.0,,,0.0,False,
21,5,1,1.0,,,0.0,False,
22,3,2,1.0,,,0.0,False,
23,12,2,1.0,,,0.0,False,
24,2,2,1.0,,,0.0,False,
25,8,2,1.0,,,0.0,False,
26,1,1,1.0,,,0.0,False,
27,8,2,1.0,,,0.0,False,
28,6,1,1.0,,,0.0,False,
29,13,1,1.0,,,0.0,False,
30,7,1,1.0,,,0.0,False,
31,5,1,1.0,,,0.0,False,
32,5,2,1.0,,,0.0,False,
33,14,1,1.0,,,0.0,False,
34,6,1,1.0,,,0.0,False,
35,4,1,1.0,,,0.0,False,
36,15,1,1.0,,,0.0,False,
37,12,1,1.0,,,0.0,False,
38,3,2,1.0,,,0.0,False,
39,8,2,1.0,,,0.0,False,
40,2,1,1.0,,,0.0,False,
41,5,2,1.0,,,0.0,False,
42,4,2,1.0,,,0.0,False,
43,14,2,1.0,,,0.0,False,
44,12,2,1.0,,,0.0,False,
45,5,2,1.0,,,0.0,False,
46,16,2,1.0,,,0.0,False,
47,3,1,1.0,,,0.0,False,
48,17,1,1.0,,,0.0,False,
49,18,1,1.0,,,0.0,False,
50,7,1,1.0,,,0.0,False,
51,18,1,1.0,,,0.0,False,
52,19,1,1.0,,,0.0,False,
53,4,1,1.0,,,0.0,False,
54,5,1,1.0,,,0.0,False,
55,20,1,1.0,,,0.0,False,
56,12,2,1.0,,,0.0,False,
57,3,2,1.0,,,0.0,False,
58,18,2,1.0,,,0.0,False,
59,21,2,1.0,,,0.0,False,
60,5,1,1.0,,,0.0,False,
61,17,1,1.0,,,0.0,False,
62,2,1,1.0,,,0.0,False,
63,2,1,1.0,,,0.0,False,
66,4,1,1.0,,,0.0,False,
67,6,2,1.0,,,0.0,False,
68,8,1,1.0,,,0.0,False,
69,5,1,1.0,,,0.0,False,
70,3,2,1.0,,,0.0,False,
71,5,1,1.0,,,0.0,False,
72,8,2,1.0,,,0.0,False,
73,9,1,1.0,,,0.0,False,
74,13,1,1.0,,,0.0,False,
75,22,1,1.0,,,0.0,False,
76,12,1,1.0,,,0.0,False,
77,5,1,1.0,,,0.0,False,
78,4,2,1.0,,,0.0,False,
79,23,2,1.0,,,0.0,False,
80,22,1,1.0,,,0.0,False,
81,5,1,1.0,,,0.0,False,
82,22,1,1.0,,,0.0,False,
83,11,1,1.0,,,0.0,False,
84,2,1,1.0,,,0.0,False,
85,5,2,1.0,,,0.0,False,
86,1,1,1.0,,,0.0,False,
87,4,2,1.0,,,0.0,False,
88,6,2,1.0,,,0.0,False,
89,5,2,1.0,,,0.0,False,
90,5,1,1.0,,,0.0,False,
91,4,2,1.0,,,0.0,False,
92,18,1,1.0,,,0.0,False,
93,21,2,1.0,,,0.0,False,
94,8,1,1.0,,,0.0,False,
95,20,2,1.0,,,0.0,False,
96,8,2,1.0,,,0.0,False,
97,5,1,1.0,,,0.0,False,
98,2,1,1.0,,,0.0,False,
99,17,1,1.0,,,0.0,False,
100,9,1,1.0,,,0.0,False,
101,24,1,1.0,,,0.0,False,
102,4,1,1.0,,,0.0,False,
103,7,1,1.0,,,0.0,False,
104,22,2,1.0,,,0.0,False,
105,21,2,1.0,,,0.0,False,
106,4,2,1.0,,,0.0,False,
107,22,2,1.0,,,0.0,False,
108,5,1,1.0,,,0.0,False,
109,4,1,1.0,,,0.0,False,
110,4,1,1.0,,,0.0,False,
111,8,1,1.0,,,0.0,False,
113,7,1,1.0,,,0.0,False,
114,22,1,1.0,,,0.0,False,
115,23,1,1.0,,,0.0,False,
116,5,1,1.0,,,0.0,False,
117,4,2,1.0,,,0.0,False,
118,2,2,1.0,,,0.0,False,
119,8,2,1.0,,,0.0,False,
120,25,1,1.0,,,0.0,False,
121,21,1,1.0,,,0.0,False,
122,8,2,1.0,,,0.0,False,
124,7,1,1.0,,,0.0,False,
125,22,1,1.0,,,0.0,False,
126,13,1,1.0,,,0.0,False,
127,4,1,1.0,,,0.0,False,
128,2,1,1.0,,,0.0,False,
129,26,1,1.0,,,0.0,False,
131,3,1,1.0,,,0.0,False,
132,5,1,1.0,,,0.0,False,
133,2,1,1.0,,,0.0,False,
134,23,1,1.0,,,0.0,False,
135,18,1,1.0,,,0.0,False,
136,7,1,1.0,,,0.0,False,
137,28,1,1.0,,,0.0,False,
138,24,1,1.0,,,0.0,False,
139,5,1,1.0,,,0.0,False,
140,2,1,1.0,,,0.0,False,
141,4,1,1.0,,,0.0,False,
142,7,1,1.0,,,0.0,False,
143,8,1,1.0,,,0.0,False,
144,2,1,1.0,,,0.0,False,
145,19,1,1.0,,,0.0,False,
146,21,2,1.0,,,0.0,False,
147,22,2,1.0,,,0.0,False,
149,2,2,1.0,,,0.0,False,
150,8,2,1.0,,,0.0,False,
152,7,2,1.0,,,0.0,False,
153,8,2,1.0,,,0.0,False,
154,19,2,1.0,,,0.0,False,
155,29,2,1.0,,,0.0,False,
158,1,2,1.0,,,0.0,False,
159,18,2,1.0,,,0.0,False,
160,2,2,1.0,,,0.0,False,
161,2,2,1.0,,,0.0,False,
162,7,2,1.0,,,0.0,False,
164,8,2,1.0,,,0.0,False,
165,5,2,1.0,,,0.0,False,
166,22,2,1.0,,,0.0,False,
167,5,2,1.0,,,0.0,False,
168,4,1,1.0,,,0.0,False,
170,31,1,1.0,,,0.0,False,
171,32,2,1.0,,,0.0,False,
172,32,2,1.0,,,0.0,False,
173,2,1,1.0,,,0.0,False,
175,5,1,1.0,,,0.0,False,
176,22,2,1.0,,,0.0,False,
177,32,2,1.0,,,0.0,False,
178,22,2,1.0,,,0.0,False,
179,2,1,1.0,,,0.0,False,
180,3,1,1.0,,,0.0,False,
181,6,2,1.0,,,0.0,False,
182,22,2,1.0,,,0.0,False,
183,18,1,1.0,,,0.0,False,
184,7,2,1.0,,,0.0,False,
185,8,2,1.0,,,0.0,False,
186,22,2,1.0,,,0.0,False,
187,5,2,1.0,,,0.0,False,
189,22,2,1.0,,,0.0,False,
190,5,2,1.0,,,0.0,False,
191,6,2,1.0,,,0.0,False,
192,22,2,1.0,,,0.0,False,
193,3,2,1.0,,,0.0,False,
194,7,2,1.0,,,0.0,False,
195,33,2,1.0,,,0.0,False,
196,13,1,1.0,,,0.0,False,
197,2,2,1.0,,,0.0,False,
198,18,2,1.0,,,0.0,False,
199,7,1,1.0,,,0.0,False,
200,2,2,1.0,,,0.0,False,
201,22,2,1.0,,,0.0,False,
202,23,2,1.0,,,0.0,False,
203,22,2,1.0,,,0.0,False,
204,5,2,1.0,,,0.0,False,
205,32,2,1.0,,,0.0,False,
206,5,2,1.0,,,0.0,False,
207,34,2,1.0,,,0.0,False,
208,7,2,1.0,,,0.0,False,
209,6,2,1.0,,,0.0,False,
210,22,2,1.0,,,0.0,False,
211,2,2,1.0,,,0.0,False,
212,5,2,1.0,,,0.0,False,
213,22,2,1.0,,,0.0,False,
214,5,2,1.0,,,0.0,False,
215,4,2,1.0,,,0.0,False,
216,35,1,1.0,,,0.0,False,
217,22,2,1.0,,,0.0,False,
218,3,2,1.0,,,0.0,False,
219,3,2,1.0,,,0.0,False,
220,5,2,1.0,,,0.0,False,
221,24,2,1.0,,,0.0,False,
222,3,1,1.0,,,0.0,False,
223,21,1,1.0,,,0.0,False,
224,22,1,1.0,,,0.0,False,
225,3,1,1.0,,,0.0,False,
226,22,2,1.0,,,0.0,False,
227,23,1,1.0,,,0.0,False,
228,18,1,1.0,,,0.0,False,
229,19,1,1.0,,,0.0,False,
230,2,1,1.0,,,0.0,False,
231,3,1,1.0,,,0.0,False,
232,36,1,1.0,,,0.0,False,
233,6,2,1.0,,,0.0,False,
234,22,2,1.0,,,0.0,False,
235,5,1,1.0,,,0.0,False,
236,3,2,1.0,,,0.0,False,
237,37,1,1.0,,,0.0,False,
238,5,1,1.0,,,0.0,False,
239,38,1,1.0,,,0.0,False,
240,7,1,1.0,,,0.0,False,
241,39,1,1.0,,,0.0,False,
242,40,2,1.0,,,0.0,False,
243,40,2,1.0,,,0.0,False,
244,3,1,1.0,,,0.0,False,
245,22,2,1.0,,,0.0,False,
246,5,2,1.0,,,0.0,False,
247,5,2,1.0,,,0.0,False,
249,7,2,1.0,,,0.0,False,
250,40,1,1.0,,,0.0,False,
251,22,2,1.0,,,0.0,False,
252,22,2,1.0,,,0.0,False,
253,22,2,1.0,,,0.0,False,
255,40,2,1.0,,,0.0,False,
256,2,2,1.0,,,0.0,False,
257,13,2,1.0,,,0.0,False,
258,22,2,1.0,,,0.0,False,
259,4,2,1.0,,,0.0,False,
260,7,2,1.0,,,0.0,False,
261,40,2,1.0,,,0.0,False,
262,41,2,1.0,,,0.0,False,
263,40,2,1.0,,,0.0,False,
264,6,2,1.0,,,0.0,False,
265,7,2,1.0,,,0.0,False,
266,7,2,1.0,,,0.0,False,
267,42,2,1.0,,,19.97,False,
268,7,2,1.0,,,0.0,False,
269,2,2,1.0,,,0.0,False,
270,40,2,1.0,,,0.0,False,
271,22,2,1.0,,,0.0,False,
272,22,2,1.0,,,0.0,False,
273,3,2,1.0,,,0.0,False,
274,40,2,1.0,,,0.0,False,
275,5,2,1.0,,,0.0,False,
276,22,2,1.0,,,0.0,False,
277,32,2,1.0,,,0.0,False,
278,8,2,1.0,,,0.0,False,
280,22,2,1.0,,,0.0,False,
281,5,2,1.0,,,0.0,False,
282,43,2,1.0,,,0.0,False,
283,44,2,1.0,,,0.0,False,
284,45,2,1.0,,,0.0,False,
285,40,2,1.0,,,0.0,False,
286,22,2,1.0,,,0.0,False,
288,47,2,1.0,,,0.0,False,
289,40,2,1.0,,,0.0,False,
290,22,2,1.0,,,0.0,False,
291,40,2,1.0,,,0.0,False,
292,22,2,1.0,,,0.0,False,
293,40,2,1.0,,,0.0,False,
294,21,2,1.0,,,0.0,False,
295,23,2,1.0,,,0.0,False,
296,7,2,1.0,,,0.0,False,
297,48,2,1.0,,,0.0,False,
298,33,2,1.0,,,0.0,False,
299,1,2,1.0,,,0.0,False,
300,3,2,1.0,,,0.0,False,
303,3,2,1.0,,,0.0,False,
304,18,2,1.0,,,0.0,False,
305,22,2,1.0,,,0.0,False,
306,40,2,1.0,,,0.0,False,
307,2,2,1.0,,,0.0,False,
308,23,2,1.0,,,0.0,False,
309,40,2,1.0,,,0.0,False,
311,41,2,1.0,,,0.0,False,
313,7,2,1.0,,,0.0,False,
314,13,2,1.0,,,0.0,False,
315,22,2,1.0,,,0.0,False,
316,3,2,1.0,,,0.0,False,
317,5,2,1.0,,,0.0,False,
318,36,2,1.0,,,0.0,False,
319,22,2,1.0,,,0.0,False,
320,40,2,1.0,,,0.0,False,
321,21,2,1.0,,,0.0,False,
322,22,2,1.0,,,0.0,False,
323,24,2,1.0,,,0.0,False,
324,2,2,1.0,,,0.0,False,
325,22,2,1.0,,,0.0,False,
326,18,2,1.0,,,0.0,False,
328,7,2,1.0,,,0.0,False,
329,5,2,1.0,,,0.0,False,
330,44,2,1.0,,,0.0,False,
332,40,2,1.0,,,0.0,False,
333,3,2,1.0,,,0.0,False,
334,5,2,1.0,,,0.0,False,
335,18,2,1.0,,,0.0,False,
336,19,2,1.0,,,0.0,False,
337,40,2,1.0,,,0.0,False,
338,3,2,1.0,,,0.0,False,
339,5,2,1.0,,,0.0,False,
340,6,2,1.0,,,0.0,False,
341,21,2,1.0,,,0.0,False,
342,22,2,1.0,,,0.0,False,
343,3,2,1.0,,,0.0,False,
344,40,2,1.0,,,0.0,False,
345,2,2,1.0,,,0.0,False,
346,5,2,1.0,,,0.0,False,
347,40,2,1.0,,,0.0,False,
348,50,2,1.0,,,0.0,False,
349,40,2,1.0,,,0.0,False,
350,18,2,1.0,,,0.0,False,
351,42,2,1.0,,,20.0,False,
352,22,2,1.0,,,0.0,False,
353,6,2,1.0,,,0.0,False,
354,3,2,1.0,,,0.0,False,
355,51,2,1.0,,,0.0,False,
356,18,2,1.0,,,0.0,False,
358,19,2,1.0,,,0.0,False,
359,45,2,1.0,,,0.0,False,
360,32,2,1.0,,,0.0,False,
361,40,2,1.0,,,0.0,False,
362,22,2,1.0,,,0.0,False,
363,22,2,1.0,,,0.0,False,
364,5,2,1.0,,,0.0,False,
365,52,2,1.0,,,0.0,False,
367,21,2,1.0,,,0.0,False,
368,5,2,1.0,,,0.0,False,
369,22,2,1.0,,,0.0,False,
371,40,2,1.0,,,0.0,False,
372,2,2,1.0,,,0.0,False,
373,22,2,1.0,,,0.0,False,
374,25,2,1.0,,,0.0,False,
375,53,2,1.0,,,0.0,False,
376,40,2,1.0,,,0.0,False,
377,1,2,1.0,,,0.0,False,
378,5,2,1.0,,,0.0,False,
379,18,2,1.0,,,0.0,False,
380,40,2,1.0,,,0.0,False,
381,3,2,1.0,,,0.0,False,
382,22,2,1.0,,,0.0,False,
383,32,2,1.0,,,0.0,False,
384,32,2,1.0,,,0.0,False,
385,32,2,1.0,,,0.0,False,
386,2,2,1.0,,,0.0,False,
387,7,2,1.0,,,0.0,False,
388,26,2,1.0,,,0.0,False,
389,40,2,1.0,,,0.0,False,
390,6,2,1.0,,,0.0,False,
391,40,2,1.0,,,0.0,False,
392,40,2,1.0,,,0.0,False,
393,5,2,1.0,,,0.0,False,
394,22,2,1.0,,,0.0,False,
395,5,2,1.0,,,0.0,False,
396,2,2,1.0,,,0.0,False,
397,40,2,1.0,,,0.0,False,
398,54,2,1.0,,,17.09,False,
399,13,2,1.0,,,21.54,False,
400,2,2,1.0,,,0.0,False,
401,21,2,1.0,,,0.0,False,
402,40,1,1.0,,,0.0,False,
403,5,2,1.0,,,0.0,False,
404,40,2,1.0,,,0.0,False,
405,7,2,1.0,,,0.0,False,
406,3,2,1.0,,,0.0,False,
408,5,2,1.0,,,0.0,False,
409,40,2,1.0,,,0.0,False,
410,18,2,1.0,,,0.0,False,
411,7,2,1.0,,,0.0,False,
412,7,2,1.0,,,0.0,False,
413,5,2,1.0,,,0.0,False,
415,2,7,1.0,,,0.0,False,
416,21,7,1.0,,,0.0,False,
418,24,2,1.0,,,0.0,False,
419,25,7,1.0,,,21.97,False,
420,8,7,1.0,,,0.0,False,
421,40,7,1.0,,,0.0,False,
424,55,7,1.0,,,0.0,False,
425,5,7,1.0,,,0.0,False,
427,6,2,1.0,,,0.0,False,
428,56,2,1.0,,,0.0,False,
430,2,2,1.0,,,0.0,False,
431,5,2,1.0,,,0.0,False,
432,18,7,1.0,,,0.0,False,
433,40,7,1.0,,,0.0,False,
434,23,7,1.0,,,0.0,False,
435,2,2,1.0,,,0.0,False,
438,57,2,1.0,,,0.0,False,
439,22,2,1.0,,,0.0,False,
440,23,2,1.0,,,0.0,False,
441,40,2,1.0,,,0.0,False,
442,58,2,1.0,,,0.0,False,
443,40,2,1.0,,,0.0,False,
444,3,2,1.0,,,0.0,False,
445,35,2,1.0,,,0.0,False,
446,45,7,1.0,,,0.0,False,
447,7,2,1.0,,,0.0,False,
448,13,2,1.0,,,22.31,False,
449,40,2,1.0,,,0.0,False,
450,35,2,1.0,,,0.0,False,
451,5,2,1.0,,,0.0,False,
452,21,2,1.0,,,0.0,False,
453,5,2,1.0,,,0.0,False,
454,21,2,1.0,,,0.0,False,
455,21,2,1.0,,,0.0,False,
457,59,2,1.0,,,0.0,False,
459,60,2,1.0,,,28.55,False,
460,18,2,1.0,,,0.0,False,
461,53,2,1.0,,,0.0,False,
462,22,2,1.0,,,0.0,False,
463,40,2,1.0,,,0.0,False,
464,2,2,1.0,,,0.0,False,
467,1,7,1.0,,,0.0,False,
468,5,7,1.0,,,0.0,False,
469,23,7,1.0,,,0.0,False,
470,17,2,1.0,,,0.0,False,
471,17,2,1.0,,,0.0,False,
472,2,2,1.0,,,0.0,False,
473,18,2,1.0,,,0.0,False,
474,5,2,1.0,,,0.0,False,
475,61,2,1.0,,,0.0,False,
476,25,7,1.0,,,27.8,False,
477,44,2,1.0,,,0.0,False,
478,21,2,1.0,,,0.0,False,
485,2,2,1.0,,,0.0,False,
486,22,2,1.0,,,0.0,False,
487,26,2,1.0,,,0.0,False,
488,26,2,1.0,,,0.0,False,
489,13,7,1.0,,,25.6,False,
490,62,7,1.0,,,0.0,False,
491,22,2,1.0,,,0.0,False,
492,2,2,1.0,,,0.0,False,
493,41,2,1.0,,,0.0,False,
494,63,2,1.0,,,0.0,False,
495,5,2,1.0,,,0.0,False,
497,5,2,1.0,,,0.0,False,
498,22,7,1.0,,,0.0,False,
499,2,2,1.0,,,0.0,False,
500,40,2,1.0,,,0.0,False,
501,7,2,1.0,,,0.0,False,
502,40,2,1.0,,,0.0,False,
503,21,2,1.0,,,0.0,False,
504,40,2,1.0,,,0.0,False,
505,3,2,1.0,,,0.0,False,
506,42,2,1.0,,,28.07,False,
507,54,2,1.0,,,28.07,False,
508,22,2,1.0,,,0.0,False,
509,3,2,1.0,,,0.0,False,
510,18,2,1.0,,,0.0,False,
512,60,2,1.0,,,28.0,False,
513,22,2,1.0,,,0.0,False,
514,40,2,1.0,,,0.0,False,
516,22,2,1.0,,,0.0,False,
517,2,2,1.0,,,0.0,False,
518,64,2,1.0,,,28.0,False,
519,1,2,1.0,,,0.0,False,
520,36,7,1.0,,,0.0,False,
521,19,2,1.0,,,0.0,False,
522,2,2,1.0,,,0.0,False,
523,17,2,1.0,,,0.0,False,
524,5,2,1.0,,,0.0,False,
526,4,2,1.0,,,0.0,False,
527,40,7,1.0,,,0.0,False,
532,37,2,1.0,,,0.0,False,
533,21,2,1.0,,,0.0,False,
534,40,2,1.0,,,0.0,False,
535,22,2,1.0,,,0.0,False,
536,4,2,1.0,,,0.0,False,
538,18,2,1.0,,,0.0,False,
539,23,2,1.0,,,0.0,False,
540,13,2,1.0,,,28.0,False,
541,2,2,1.0,,,0.0,False,
542,5,2,1.0,,,0.0,False,
543,22,7,1.0,,,0.0,False,
544,22,2,1.0,,,0.0,False,
546,40,2,1.0,,,0.0,False,
547,21,2,1.0,,,0.0,False,
549,24,7,1.0,,,28.0,False,
550,18,2,1.0,,,0.0,False,
552,4,2,1.0,,,0.0,False,
553,7,2,1.0,,,0.0,False,
555,22,2,1.0,,,0.0,False,
557,3,2,1.0,,,0.0,False,
558,67,2,1.0,,,0.0,False,
559,36,2,1.0,,,0.0,False,
560,35,7,1.0,,,0.0,False,
562,5,7,1.0,,,0.0,False,
563,40,2,1.0,,,0.0,False,
564,4,2,1.0,,,0.0,False,
565,3,2,1.0,,,0.0,False,
566,2,2,1.0,,,0.0,False,
567,2,2,1.0,,,0.0,False,
568,68,2,1.0,,,0.0,False,
569,45,2,1.0,,,0.0,False,
570,69,2,1.0,,,28.02,False,
571,2,2,1.0,,,0.0,False,
572,6,2,1.0,,,0.0,False,
573,40,7,1.0,,,0.0,False,
574,13,6,1.0,,,56.14,False,
575,5,2,1.0,,,0.0,False,
576,18,2,1.0,,,0.0,False,
577,24,2,1.0,,,28.02,False,
578,7,6,1.0,,,0.0,False,
582,67,2,1.0,,,0.0,False,
583,40,7,1.0,,,0.0,False,
585,13,2,1.0,,,0.0,False,
586,60,2,1.0,,,28.5,False,
587,2,2,1.0,,,0.0,False,
588,5,2,1.0,,,0.0,False,
589,18,2,1.0,,,0.0,False,
590,67,6,1.0,,,0.0,False,
591,57,6,1.0,,,0.0,False,
592,21,6,1.0,,,0.0,False,
594,5,6,1.0,,,0.0,False,
595,2,6,1.0,,,0.0,False,
597,22,6,1.0,,,0.0,False,
598,1,6,1.0,,,0.0,False,
599,4,2,1.0,,,0.0,False,
600,23,6,1.0,,,0.0,False,
601,25,6,1.0,,,0.0,False,
602,18,6,1.0,,,0.0,False,
603,42,6,1.0,,,28.02,False,
604,40,6,1.0,,,0.0,False,
605,36,6,1.0,,,0.0,False,
606,36,6,1.0,,,0.0,False,
607,7,6,1.0,,,0.0,False,
608,41,6,1.0,,,0.0,False,
609,5,6,1.0,,,0.0,False,
610,71,6,1.0,,,0.0,False,
611,22,2,1.0,,,0.0,False,
612,5,2,1.0,,,0.0,False,
613,72,2,1.0,,,0.0,False,
614,18,2,1.0,,,0.0,False,
615,66,2,1.0,,,0.0,False,
616,6,6,1.0,,,0.0,False,
617,73,6,1.0,,,0.0,False,
618,35,6,1.0,,,0.0,False,
619,3,6,1.0,,,0.0,False,
620,71,6,1.0,,,0.0,False,
621,67,6,1.0,,,0.0,False,
622,18,6,1.0,,,0.0,False,
623,2,6,1.0,,,28.0,False,
624,5,6,1.0,,,0.0,False,
627,74,6,1.0,,,0.0,False,
628,33,6,1.0,,,0.0,False,
630,40,6,1.0,,,0.0,False,
631,4,6,1.0,,,0.0,False,
632,32,6,1.0,,,0.0,False,
633,34,6,1.0,,,0.0,False,
634,40,6,1.0,,,0.0,False,
635,5,6,1.0,,,0.0,False,
636,36,6,1.0,,,0.0,False,
637,18,2,1.0,,,0.0,False,
639,66,2,1.0,,,0.0,False,
640,40,6,1.0,,,0.0,False,
641,21,6,1.0,,,0.0,False,
642,2,6,1.0,,,0.0,False,
643,24,6,1.0,,,28.0,False,
646,66,2,1.0,,,0.0,False,
647,17,6,1.0,,,0.0,False,
650,5,6,1.0,,,0.0,False,
651,7,6,1.0,,,0.0,False,
652,40,6,1.0,,,0.0,False,
653,45,6,1.0,,,0.0,False,
654,78,6,1.0,,,0.0,False,
655,21,6,1.0,,,0.0,False,
656,79,6,1.0,,,0.0,False,
657,7,6,1.0,,,0.0,False,
658,22,6,1.0,,,0.0,False,
659,18,2,1.0,,,0.0,False,
660,13,2,1.0,,,0.0,False,
661,5,6,1.0,,,0.0,False,
662,21,6,1.0,,,0.0,False,
664,5,6,1.0,,,0.0,False,
665,2,6,1.0,,,0.0,False,
666,3,6,1.0,,,0.0,False,
667,18,6,1.0,,,0.0,False,
668,2,2,1.0,,,0.0,False,
669,5,6,1.0,,,0.0,False,
670,6,6,1.0,,,0.0,False,
671,81,6,1.0,,,0.0,False,
672,5,6,1.0,,,0.0,False,
673,22,6,1.0,,,0.0,False,
674,82,8,1.0,,,0.0,False,
675,21,6,1.0,,,0.0,False,
676,22,6,1.0,,,0.0,False,
677,18,6,1.0,,,0.0,False,
678,54,6,1.0,,,0.0,False,
679,17,6,1.0,,,0.0,False,
680,5,6,1.0,,,0.0,False,
681,40,6,1.0,,,0.0,False,
682,26,6,1.0,,,0.0,False,
683,18,6,1.0,,,0.0,False,
685,50,2,1.0,,,0.0,False,
686,6,6,1.0,,,0.0,False,
687,1,6,1.0,,,0.0,False,
688,64,6,1.0,,,28.0,False,
689,22,2,1.0,,,0.0,False,
690,2,6,1.0,,,0.0,False,
691,14,6,1.0,,,0.0,False,
693,22,6,1.0,,,0.0,False,
694,19,6,1.0,,,0.0,False,
695,66,2,1.0,,,0.0,False,
696,35,6,1.0,,,0.0,False,
697,18,6,1.0,,,0.0,False,
698,83,6,1.0,,,28.0,False,
699,6,6,1.0,,,0.0,False,
700,5,2,1.0,,,0.0,False,
701,7,6,1.0,,,0.0,False,
702,22,6,1.0,,,0.0,False,
703,21,6,1.0,,,0.0,False,
704,2,6,1.0,,,0.0,False,
705,67,6,1.0,,,0.0,False,
706,23,6,1.0,,,0.0,False,
707,40,6,1.0,,,0.0,False,
708,25,6,1.0,,,0.0,False,
709,41,6,1.0,,,0.0,False,
710,8,6,1.0,,,0.0,False,
711,5,6,1.0,,,0.0,False,
712,18,6,1.0,,,0.0,False,
713,21,6,1.0,,,0.0,False,
714,22,6,1.0,,,0.0,False,
715,34,6,1.0,,,0.0,False,
716,22,6,1.0,,,0.0,False,
717,13,6,1.0,,,28.0,False,
718,22,6,1.0,,,0.0,False,
719,25,6,1.0,,,0.0,False,
720,2,6,1.0,,,0.0,False,
721,84,2,1.0,,,0.0,False,
722,84,2,1.0,,,0.0,False,
723,63,6,1.0,,,0.0,False,
724,22,6,1.0,,,0.0,False,
726,32,6,1.0,,,0.0,False,
727,7,6,1.0,,,0.0,False,
728,22,6,1.0,,,0.0,False,
729,21,6,1.0,,,0.0,False,
730,7,6,1.0,,,0.0,False,
731,2,6,1.0,,,0.0,False,
732,22,6,1.0,,,0.0,False,
733,82,6,1.0,,,0.0,False,
734,22,6,3.0,,,0.0,False,
735,2,6,1.0,,,0.0,False,
736,18,6,1.0,,,0.0,False,
737,40,6,1.0,,,0.0,False,
738,21,6,1.0,,,0.0,False,
739,32,2,1.0,,,0.0,False,
740,6,6,1.0,,,0.0,False,
741,18,6,1.0,,,0.0,False,
742,19,6,1.0,,,0.0,False,
743,22,6,1.0,,,0.0,False,
744,18,6,1.0,,,0.0,False,
745,82,6,1.0,,,0.0,False,
746,79,6,1.0,,,0.0,False,
747,60,6,1.0,,,2.0,False,
748,2,6,1.0,,,0.0,False,
749,21,6,1.0,,,0.0,False,
750,5,6,1.0,,,0.0,False,
751,85,6,1.0,,,0.0,False,
752,86,6,1.0,,,28.0,False,
753,64,6,1.0,,,28.0,False,
754,40,6,1.0,,,0.0,False,
755,76,6,1.0,,,0.0,False,
756,71,6,1.0,,,0.0,False,
757,7,2,1.0,,,0.0,False,
766,7,6,1.0,,,0.0,False,
767,63,6,1.0,,,0.0,False,
768,87,6,1.0,,,0.0,False,
769,2,6,1.0,,,0.0,False,
770,32,6,1.0,,,0.0,False,
771,84,6,1.0,,,0.0,False,
772,18,6,1.0,,,0.0,False,
773,13,6,1.0,,,28.0,False,
774,21,6,1.0,,,0.0,False,
775,88,6,1.0,,,0.0,False,
776,67,2,1.0,,,0.0,False,
777,89,6,1.0,,,0.0,False,
778,7,6,1.0,,,0.0,False,
779,90,6,1.0,,,28.0,False,
780,5,6,1.0,,,0.0,False,
781,45,6,1.0,,,0.0,False,
782,71,6,1.0,,,0.0,False,
783,18,6,1.0,,,0.0,False,
784,21,2,1.0,,,0.0,False,
785,2,2,1.0,,,0.0,False,
786,5,6,1.0,,,0.0,False,
787,1,6,1.0,,,0.0,False,
788,7,6,1.0,,,0.0,False,
789,35,6,1.0,,,0.0,False,
790,40,6,1.0,,,0.0,False,
792,23,6,1.0,,,0.0,False,
794,64,6,1.0,,,28.0,False,
795,89,6,1.0,,,0.0,False,
796,17,6,1.0,,,0.0,False,
797,18,6,1.0,,,0.0,False,
798,91,6,1.0,,,28.0,False,
799,92,6,1.0,,,28.0,False,
800,93,6,1.0,,,0.0,False,
801,84,6,1.0,,,0.0,False,
804,95,6,1.0,,,0.0,False,
805,67,6,1.0,,,0.0,False,
807,5,6,1.0,,,28.0,False,
808,96,6,1.0,,,28.39,False,
809,97,6,1.0,,,0.0,False,
810,98,6,1.0,,,27.3,False,
811,21,6,1.0,,,0.0,False,
812,22,6,1.0,,,0.0,False,
813,40,6,1.0,,,0.0,False,
814,90,6,1.0,,,28.0,False,
815,25,6,1.0,,,0.0,False,
817,99,6,1.0,,,0.0,False,
818,2,6,1.0,,,0.0,False,
819,13,6,1.0,,,28.0,False,
820,35,6,1.0,,,0.0,False,
821,18,6,1.0,,,0.0,False,
822,34,6,1.0,,,0.0,False,
823,100,6,1.0,,,0.0,False,
824,89,6,1.0,,,0.0,False,
825,101,6,1.0,,,28.0,False,
826,67,6,1.0,,,0.0,False,
827,102,6,1.0,,,0.0,False,
828,74,6,1.0,,,0.0,False,
829,81,6,1.0,,,0.0,False,
830,103,6,1.0,,,28.0,False,
831,104,6,1.0,,,0.0,False,
832,94,6,1.0,,,0.0,False,
833,6,6,1.0,,,0.0,False,
834,41,6,1.0,,,0.0,False,
835,7,6,1.0,,,0.0,False,
836,94,6,1.0,,,0.0,False,
837,3,6,1.0,,,0.0,False,
838,87,6,1.0,,,0.0,False,
839,5,6,1.0,,,0.0,False,
840,18,6,,,,0.0,False,
841,22,6,1.0,,,0.0,False,
842,7,6,1.0,,,0.0,False,
843,86,6,1.0,,,28.0,False,
844,19,6,1.0,,,0.0,False,
845,1,6,1.0,,,0.0,False,
846,91,6,1.0,,,28.0,False,
847,21,6,1.0,,,0.0,False,
848,19,6,1.0,,,0.0,False,
849,97,6,1.0,,,0.0,False,
850,7,6,1.0,,,0.0,False,
851,79,6,1.0,,,0.0,False,
852,89,6,1.0,,,0.0,False,
853,22,6,1.0,,,0.0,False,
854,2,6,1.0,,,0.0,False,
855,13,6,1.0,,,28.0,False,
856,18,6,1.0,,,0.0,False,
857,8,6,1.0,,,0.0,False,
858,99,6,1.0,,,28.0,False,
859,18,6,1.0,,,0.0,False,
860,105,6,1.0,,,0.0,False,
861,106,6,1.0,,,0.0,False,
862,67,6,1.0,,,0.0,False,
863,107,6,1.0,,,0.0,False,
865,5,6,1.0,,,0.0,False,
866,32,6,1.0,,,0.0,False,
867,42,6,1.0,,,28.0,False,
868,102,6,1.0,,,0.0,False,
869,24,6,1.0,,,0.0,False,
870,108,6,1.0,,,28.0,False,
872,21,6,1.0,,,0.0,False,
873,84,6,1.0,,,0.0,False,
874,35,6,1.0,,,28.0,False,
875,22,6,1.0,,,0.0,False,
876,18,6,1.0,,,0.0,False,
877,89,6,1.0,,,0.0,False,
878,68,6,1.0,,,0.0,False,
879,3,6,1.0,,,0.0,False,
880,22,6,1.0,,,0.0,False,
881,2,6,1.0,,,0.0,False,
882,82,6,1.0,,,0.0,False,
883,87,6,1.0,,,0.0,False,
884,60,6,1.0,,,0.0,False,
885,109,6,1.0,,,0.0,False,
886,22,6,1.0,,,0.0,False,
887,23,6,1.0,,,0.0,False,
888,54,6,1.0,,,28.0,False,
889,21,6,1.0,,,0.0,False,
890,5,6,1.0,,,0.0,False,
891,40,6,1.0,,,0.0,False,
892,22,6,1.0,,,0.0,False,
893,21,6,1.0,,,0.0,False,
894,25,6,1.0,,,0.0,False,
895,7,6,1.0,,,0.0,False,
896,18,6,1.0,,,0.0,False,
897,110,6,1.0,,,28.0,False,
898,90,6,1.0,,,28.0,False,
899,22,6,1.0,,,0.0,False,
900,35,6,1.0,,,28.0,False,
901,111,6,1.0,,,0.0,False,
904,107,6,1.0,,,0.0,False,
905,22,6,1.0,,,0.0,False,
906,8,6,1.0,,,0.0,False,
907,25,6,1.0,,,0.0,False,
908,22,6,1.0,,,0.0,False,
909,67,6,1.0,,,0.0,False,
910,2,6,1.0,,,0.0,False,
911,22,6,1.0,,,0.0,False,
912,5,6,1.0,,,28.0,False,
913,101,6,1.0,,,28.0,False,
914,107,6,1.0,,,0.0,False,
915,21,6,1.0,,,0.0,False,
916,22,6,1.0,,,0.0,False,
917,96,6,1.0,,,28.0,False,
918,25,6,1.0,,,27.3,False,
920,5,6,1.0,,,0.0,False,
921,89,6,1.0,,,0.0,False,
922,2,6,1.0,,,0.0,False,
923,17,6,1.0,,,0.0,False,
924,23,6,1.0,,,0.0,False,
925,7,6,1.0,,,0.0,False,
926,112,6,1.0,,,28.0,False,
927,1,6,1.0,,,0.0,False,
928,35,6,1.0,,,25.58,False,
929,22,6,1.0,,,0.0,False,
930,84,6,1.0,,,0.0,False,
931,21,6,1.0,,,0.0,False,
933,18,6,1.0,,,0.0,False,
934,57,6,1.0,,,0.0,False,
935,22,6,1.0,,,0.0,False,
936,107,6,1.0,,,0.0,False,
937,19,6,1.0,,,0.0,False,
938,5,6,1.0,,,28.0,False,
939,6,6,1.0,,,0.0,False,
940,2,6,1.0,,,0.0,False,
941,5,6,1.0,,,0.0,False,
942,21,6,1.0,,,0.0,False,
943,19,6,1.0,,,0.0,False,
944,22,6,1.0,,,0.0,False,
945,67,6,1.0,,,0.0,False,
946,19,6,1.0,,,0.0,False,
948,7,6,1.0,,,0.0,False,
949,2,6,1.0,,,0.0,False,
950,22,6,1.0,,,0.0,False,
951,98,6,1.0,,,28.2,False,
952,84,6,1.0,,,0.0,False,
953,114,6,1.0,,,0.0,False,
954,108,6,1.0,,,28.0,False,
955,3,6,1.0,,,0.0,False,
956,34,6,1.0,,,0.0,False,
957,34,6,1.0,,,0.0,False,
958,6,6,1.0,,,0.0,False,
959,79,6,1.0,,,0.0,False,
960,2,6,1.0,,,0.0,False,
961,7,6,1.0,,,0.0,False,
962,5,6,1.0,,,24.72,False,
963,35,6,1.0,,,28.0,False,
964,21,6,1.0,,,0.0,False,
965,116,6,1.0,,,0.0,False,
966,22,6,1.0,,,0.0,False,
968,25,6,1.0,,,28.0,False,
969,40,6,1.0,,,0.0,False,
970,14,6,1.0,,,0.0,False,
971,14,6,1.0,,,0.0,False,
972,112,6,1.0,,,28.0,False,
973,26,6,1.0,,,0.0,False,
974,13,6,1.0,,,28.0,False,
975,3,6,1.0,,,0.0,False,
976,2,6,1.0,,,0.0,False,
977,2,6,1.0,,,0.0,False,
978,41,6,1.0,,,28.0,False,
979,117,6,1.0,,,0.0,False,
980,22,6,1.0,,,0.0,False,
981,26,6,1.0,,,0.0,False,
982,18,6,1.0,,,0.0,False,
983,7,6,1.0,,,0.0,False,
984,21,6,1.0,,,0.0,False,
985,5,6,1.0,,,0.0,False,
986,22,6,1.0,,,0.0,False,
987,40,6,1.0,,,0.0,False,
988,67,6,1.0,,,0.0,False,
989,22,6,1.0,,,0.0,False,
990,110,6,1.0,,,28.0,False,
991,18,6,1.0,,,0.0,False,
992,5,6,1.0,,,28.0,False,
993,98,6,1.0,,,28.0,False,
994,118,6,1.0,,,28.0,False,
995,17,6,1.0,,,0.0,False,
996,24,6,1.0,,,0.0,False,
997,1,6,1.0,,,0.0,False,
998,45,6,1.0,,,0.0,False,
999,84,6,1.0,,,0.0,False,
1000,5,6,1.0,,,0.0,False,
1001,32,6,1.0,,,0.0,False,
1002,21,6,1.0,,,0.0,False,
1003,42,6,1.0,,,28.0,False,
1004,2,6,1.0,,,0.0,False,
1005,18,6,1.0,,,0.0,False,
1006,37,6,1.0,,,0.0,False,
1007,89,6,1.0,,,0.0,False,
1008,22,6,1.0,,,0.0,False,
1009,7,6,1.0,,,0.0,False,
1010,2,6,1.0,,,0.0,False,
1012,119,6,1.0,,,0.0,False,
1013,32,6,1.0,,,0.0,False,
1014,13,6,1.0,,,28.0,False,
1015,120,6,1.0,,,28.0,False,
1017,40,6,1.0,,,0.0,False,
1018,35,6,1.0,,,28.0,False,
1019,22,6,1.0,,,0.0,False,
1020,59,6,1.0,,,0.0,False,
1021,2,6,1.0,,,0.0,False,
1022,40,6,1.0,,,0.0,False,
1023,122,6,1.0,,,0.0,False,
1024,123,6,1.0,,,0.0,False,
1025,124,6,1.0,,,28.0,False,
1026,22,6,1.0,,,0.0,False,
1027,21,6,1.0,,,0.0,False,
1029,84,6,1.0,,,0.0,False,
1030,126,6,1.0,,,0.0,False,
1031,40,6,1.0,,,0.0,False,
1032,3,6,1.0,,,0.0,False,
1033,2,6,1.0,,,0.0,False,
1034,17,6,1.0,,,0.0,False,
1036,18,6,1.0,,,0.0,False,
1037,127,6,1.0,,,0.0,False,
1038,128,6,1.0,,,0.0,False,
1039,32,6,1.0,,,0.0,False,
1040,18,6,1.0,,,0.0,False,
1041,67,6,1.0,,,0.0,False,
1042,22,6,1.0,,,0.0,False,
1043,129,6,1.0,,,0.0,False,
1045,90,6,1.0,,,28.0,False,
1046,6,6,1.0,,,0.0,False,
1047,5,6,1.0,,,0.0,False,
1048,22,6,1.0,,,0.0,False,
1049,2,6,1.0,,,0.0,False,
1050,1,6,1.0,,,0.0,False,
1051,17,6,1.0,,,0.0,False,
1052,22,6,1.0,,,0.0,False,
1053,3,6,1.0,,,0.0,False,
1054,18,6,1.0,,,0.0,False,
1055,5,6,1.0,,,0.0,False,
1056,2,6,1.0,,,0.0,False,
1057,40,6,1.0,,,0.0,False,
1058,5,6,1.0,,,0.0,False,
1059,21,6,1.0,,,0.0,False,
1060,5,6,1.0,,,0.0,False,
1061,3,6,1.0,,,0.0,False,
1062,13,6,1.0,,,28.0,False,
1063,22,6,1.0,,,0.0,False,
1064,67,6,1.0,,,0.0,False,
1065,111,6,1.0,,,0.0,False,
1066,82,6,1.0,,,0.0,False,
1067,40,6,1.0,,,0.0,False,
1068,91,6,1.0,,,28.0,False,
1069,7,6,1.0,,,0.0,False,
1070,22,6,1.0,,,0.0,False,
1071,79,6,1.0,,,0.0,False,
1072,127,6,1.0,,,28.0,False,
1073,112,6,1.0,,,28.0,False,
1074,6,6,1.0,,,0.0,False,
1075,40,6,1.0,,,0.0,False,
1076,79,6,1.0,,,0.0,False,
1077,3,6,1.0,,,0.0,False,
1078,1,6,1.0,,,0.0,False,
1079,6,6,1.0,,,0.0,False,
1080,2,6,1.0,,,0.0,False,
1081,2,6,1.0,,,0.0,False,
1082,3,6,1.0,,,0.0,False,
1083,1,6,1.0,,,0.0,False,
1084,6,6,1.0,,,0.0,False,
1085,67,6,1.0,,,0.0,False,
1086,35,6,1.0,,,28.0,False,
1087,40,6,1.0,,,0.0,False,
1088,131,6,1.0,,,0.0,False,
1089,84,6,1.0,,,0.0,False,
1090,63,6,1.0,,,28.0,False,
1091,107,6,1.0,,,0.0,False,
1092,18,6,1.0,,,0.0,False,
1093,18,6,1.0,,,0.0,False,
1094,1,6,1.0,,,0.0,False,
1095,57,6,1.0,,,0.0,False,
1096,40,6,1.0,,,0.0,False,
1097,108,6,1.0,,,28.0,False,
1098,21,6,1.0,,,0.0,False,
1099,2,6,1.0,,,0.0,False,
1100,42,6,1.0,,,28.0,False,
1101,5,6,1.0,,,28.0,False,
1103,19,6,1.0,,,0.0,False,
1104,18,6,1.0,,,0.0,False,
1105,64,6,1.0,,,28.0,False,
1106,40,6,1.0,,,0.0,False,
1107,24,6,1.0,,,0.0,False,
1108,18,6,1.0,,,0.0,False,
1109,7,6,1.0,,,0.0,False,
1110,101,6,1.0,,,28.0,False,
1111,5,6,1.0,,,28.0,False,
1112,7,6,1.0,,,0.0,False,
1113,86,6,1.0,,,31.0,False,
1114,32,6,1.0,,,0.0,False,
1115,22,6,1.0,,,0.0,False,
1116,32,6,1.0,,,0.0,False,
1117,110,6,1.0,,,31.0,False,
1118,5,6,1.0,,,0.0,False,
1119,41,6,1.0,,,31.0,False,
1120,74,6,1.0,,,0.0,False,
1121,3,6,1.0,,,0.0,False,
1122,34,6,1.0,,,0.0,False,
1123,18,6,1.0,,,0.0,False,
1125,25,6,1.0,,,0.0,False,
1126,13,6,1.0,,,31.0,False,
1127,82,6,1.0,,,14.35,False,
1128,22,6,1.0,,,0.0,False,
1129,130,6,1.0,,,31.0,False,
1130,18,6,1.0,,,0.0,False,
1131,117,6,1.0,,,0.0,False,
1132,40,6,1.0,,,0.0,False,
1133,5,6,1.0,,,31.0,False,
1134,32,6,1.0,,,0.0,False,
1135,40,6,1.0,,,0.0,False,
1136,5,6,1.0,,,0.0,False,
1137,2,1,1.0,,,0.0,False,
1138,18,1,1.0,,,0.0,False,
1139,132,1,1.0,,,0.0,False,
1140,132,6,1.0,,,0.0,False,
1141,32,6,1.0,,,0.0,False,
1142,7,6,1.0,,,0.0,False,
1143,24,6,1.0,,,0.0,False,
1144,45,6,1.0,,,0.0,False,
1145,21,6,1.0,,,0.0,False,
1146,22,6,1.0,,,0.0,False,
1148,2,6,1.0,,,0.0,False,
1149,40,6,1.0,,,0.0,False,
1150,79,6,1.0,,,0.0,False,
1151,102,6,1.0,,,0.0,False,
1152,17,6,1.0,,,0.0,False,
1153,18,6,1.0,,,0.0,False,
1154,84,6,1.0,,,0.0,False,
1155,133,6,1.0,,,0.0,False,
1156,64,6,1.0,,,31.0,False,
1158,3,6,1.0,,,0.0,False,
1159,18,6,1.0,,,0.0,False,
1160,134,6,1.0,,,0.0,False,
1161,60,6,1.0,,,0.0,False,
1163,134,6,1.0,,,0.0,False,
1164,6,6,1.0,,,0.0,False,
1165,101,6,1.0,,,0.0,False,
1166,7,6,1.0,,,0.0,False,
1167,22,12,1.0,,,0.0,False,
1168,40,6,1.0,,,0.0,False,
1169,37,6,1.0,,,0.0,False,
1170,135,6,1.0,,,0.0,False,
1171,5,6,1.0,,,31.0,False,
1172,136,6,1.0,,,0.0,False,
1173,137,6,1.0,,,0.0,False,
1174,13,6,1.0,,,31.0,False,
1175,32,6,1.0,,,0.0,False,
1176,41,6,1.0,,,31.0,False,
1177,138,6,1.0,,,31.0,False,
1178,32,6,1.0,,,0.0,False,
1179,82,6,1.0,,,0.0,False,
1180,139,6,1.0,,,0.0,False,
1181,25,6,1.0,,,0.0,False,
1182,140,6,1.0,,,31.0,False,
1183,18,6,1.0,,,0.0,False,
1184,21,6,1.0,,,0.0,False,
1185,40,6,1.0,,,0.0,False,
1186,141,6,1.0,,,31.0,False,
1187,5,6,1.0,,,31.0,False,
1188,5,6,1.0,,,0.0,False,
1189,18,6,1.0,,,0.0,False,
1190,82,6,1.0,,,0.0,False,
1191,8,6,1.0,,,0.0,False,
1192,2,6,1.0,,,0.0,False,
1193,142,6,1.0,,,0.0,False,
1194,143,6,1.0,,,0.0,False,
1195,142,6,1.0,,,0.0,False,
1196,84,12,1.0,,,0.0,False,
1197,136,6,1.0,,,0.0,False,
1198,7,6,1.0,,,0.0,False,
1199,6,6,1.0,,,0.0,False,
1200,140,6,1.0,,,0.0,False,
1201,21,6,1.0,,,0.0,False,
1202,140,6,1.0,,,9.2,False,
1203,35,6,1.0,,,31.0,False,
1204,18,6,1.0,,,0.0,False,
1206,40,6,1.0,,,0.0,False,
1207,7,6,1.0,,,0.0,False,
1210,145,12,1.0,,,17.0,False,
1211,22,12,1.0,,,0.0,False,
1212,84,12,1.0,,,0.0,False,
1213,67,12,1.0,,,0.0,False,
1214,32,12,1.0,,,0.0,False,
1216,7,12,1.0,,,0.0,False,
1217,82,12,1.0,,,0.0,False,
1218,147,12,1.0,,,31.0,False,
1219,148,12,1.0,,,0.0,False,
1220,40,12,1.0,,,0.0,False,
1221,147,12,1.0,,,31.0,False,
1223,149,12,1.0,,,17.0,False,
1225,5,12,1.0,,,31.0,False,
1226,18,12,1.0,,,0.0,False,
1228,3,12,1.0,,,0.0,False,
1229,151,12,1.0,,,31.0,False,
1231,140,12,1.0,,,31.0,False,
1232,21,12,1.0,,,0.0,False,
1233,8,12,1.0,,,0.0,False,
1234,40,6,1.0,,,0.0,False,
1235,7,6,1.0,,,0.0,False,
1236,151,6,1.0,,,31.0,False,
1237,110,6,1.0,,,31.0,False,
1238,40,6,1.0,,,0.0,False,
1239,18,6,1.0,,,0.0,False,
1240,47,6,1.0,,,0.0,False,
1241,42,6,1.0,,,31.0,False,
1242,112,6,1.0,,,31.0,False,
1243,7,6,1.0,,,0.0,False,
1244,2,6,1.0,,,0.0,False,
1245,140,6,1.0,,,31.0,False,
1246,40,6,1.0,,,0.0,False,
1247,8,6,1.0,,,0.0,False,
1249,152,6,1.0,,,31.0,False,
1250,18,6,1.0,,,0.0,False,
1251,47,6,1.0,,,31.0,False,
1252,21,6,1.0,,,0.0,False,
1253,5,6,1.0,,,31.0,False,
1254,151,6,1.0,,,31.0,False,
1255,1,6,1.0,,,0.0,False,
1256,40,6,1.0,,,0.0,False,
1257,84,6,1.0,,,0.0,False,
1258,8,6,1.0,,,0.0,False,
1259,7,6,1.0,,,0.0,False,
1260,153,6,1.0,,,31.0,False,
1261,24,6,1.0,,,32.5,False,
1262,40,6,1.0,,,0.0,False,
1263,40,6,1.0,,,0.0,False,
1264,22,6,1.0,,,0.0,False,
1265,22,6,1.0,,,0.0,False,
1266,21,6,1.0,,,0.0,False,
1267,127,6,1.0,,,0.0,False,
1268,19,6,1.0,,,0.0,False,
1269,7,6,1.0,,,0.0,False,
1270,40,6,1.0,,,0.0,False,
1271,155,6,1.0,,,31.0,False,
1272,149,6,1.0,,,31.0,False,
1273,17,6,1.0,,,0.0,False,
1274,148,6,1.0,,,0.0,False,
1276,5,6,1.0,,,31.0,False,
1277,22,6,1.0,,,0.0,False,
1278,156,6,1.0,,,0.0,False,
1279,22,6,1.0,,,0.0,False,
1280,57,6,1.0,,,0.0,False,
1281,40,6,1.0,,,0.0,False,
1282,40,6,1.0,,,0.0,False,
1283,8,6,1.0,,,0.0,False,
1284,22,6,1.0,,,0.0,False,
1285,7,6,1.0,,,0.0,False,
1286,40,6,1.0,,,0.0,False,
1287,22,6,1.0,,,0.0,False,
1288,157,1,1.0,,,0.0,False,
1289,32,6,1.0,,,0.0,False,
1290,102,6,1.0,,,0.0,False,
1291,64,6,1.0,,,31.0,False,
1292,13,6,1.0,,,31.0,False,
1293,18,6,1.0,,,0.0,False,
1294,142,6,1.0,,,0.0,False,
1295,40,6,1.0,,,0.0,False,
1296,2,6,1.0,,,0.0,False,
1297,3,6,1.0,,,0.0,False,
1298,63,6,1.0,,,30.75,False,
1299,40,6,1.0,,,0.0,False,
1300,158,6,1.0,,,0.0,False,
1301,138,6,1.0,,,31.0,False,
1302,159,6,1.0,,,31.0,False,
1303,40,6,1.0,,,0.0,False,
1304,7,6,1.0,,,0.0,False,
1305,25,6,1.0,,,0.0,False,
1306,35,6,1.0,,,31.0,False,
1307,82,6,1.0,,,0.0,False,
1308,22,6,1.0,,,0.0,False,
1309,22,6,1.0,,,0.0,False,
1310,41,6,1.0,,,31.0,False,
1311,110,6,1.0,,,31.0,False,
1312,145,6,1.0,,,31.0,False,
1313,40,6,1.0,,,0.0,False,
1314,1,6,1.0,,,0.0,False,
1315,45,6,1.0,,,0.0,False,
1317,161,6,1.0,,,0.0,False,
1318,19,6,1.0,,,0.0,False,
1320,19,6,1.0,,,0.0,False,
1321,32,6,1.0,,,0.0,False,
1322,42,6,1.0,,,31.0,False,
1323,22,6,1.0,,,0.0,False,
1324,81,6,1.0,,,0.0,False,
1325,5,6,1.0,,,31.0,False,
1326,162,6,1.0,,,0.0,False,
1327,163,12,1.0,,,0.0,False,
1328,18,12,1.0,,,0.0,False,
1329,22,6,1.0,,,0.0,False,
1330,164,6,1.0,,,31.0,False,
1331,34,6,1.0,,,0.0,False,
1332,2,6,1.0,,,0.0,False,
1333,2,6,1.0,,,0.0,False,
1334,165,6,1.0,,,0.0,False,
1335,17,6,1.0,,,0.0,False,
1336,84,6,1.0,,,31.0,False,
1337,21,6,1.0,,,0.0,False,
1338,161,6,1.0,,,0.0,False,
1339,57,6,1.0,,,0.0,False,
1340,22,6,1.0,,,0.0,False,
1341,135,6,1.0,,,0.0,False,
1342,147,6,1.0,,,31.0,False,
1343,166,6,1.0,,,0.0,False,
1344,60,6,1.0,,,31.0,False,
1345,120,6,1.0,,,31.0,False,
1346,5,6,1.0,,,31.0,False,
1347,18,6,1.0,,,0.0,False,
1348,5,6,1.0,,,0.0,False,
1349,7,6,1.0,,,0.0,False,
1350,35,6,1.0,,,31.7,False,
1351,8,6,1.0,,,0.0,False,
1352,21,6,1.0,,,0.0,False,
1353,6,6,1.0,,,0.0,False,
1354,167,6,1.0,,,0.0,False,
1355,2,6,1.0,,,0.0,False,
1356,3,6,1.0,,,0.0,False,
1357,152,6,1.0,,,31.0,False,
1358,162,6,1.0,,,0.0,False,
1360,152,6,1.0,,,0.0,False,
1361,6,6,1.0,,,0.0,False,
1362,22,6,1.0,,,0.0,False,
1363,8,6,1.0,,,0.0,False,
1364,84,6,1.0,,,0.0,False,
1365,7,6,1.0,,,0.0,False,
1366,40,6,1.0,,,0.0,False,
1367,25,6,1.0,,,0.0,False,
1368,7,6,1.0,,,0.0,False,
1369,5,6,1.0,,,31.0,False,
1370,40,6,1.0,,,0.0,False,
1371,2,6,1.0,,,0.0,False,
1372,18,6,1.0,,,0.0,False,
1373,21,6,1.0,,,0.0,False,
1374,13,6,1.0,,,31.0,False,
1375,7,6,1.0,,,0.0,False,
1376,21,6,1.0,,,0.0,False,
1377,58,6,1.0,,,0.0,False,
1378,17,6,1.0,,,0.0,False,
1379,40,6,1.0,,,0.0,False,
1380,19,6,1.0,,,0.0,False,
1381,18,6,1.0,,,0.0,False,
1382,19,6,1.0,,,0.0,False,
1383,169,6,1.0,,,0.0,False,
1384,149,6,1.0,,,31.0,False,
1385,110,6,1.0,,,31.0,False,
1386,163,6,1.0,,,0.0,False,
1387,24,6,1.0,,,0.0,False,
1388,8,6,1.0,,,0.0,False,
1389,170,6,1.0,,,0.0,False,
1390,7,6,1.0,,,0.0,False,
1391,84,6,1.0,,,0.0,False,
1392,171,6,1.0,,,31.0,False,
1393,40,6,1.0,,,0.0,False,
1394,7,6,1.0,,,0.0,False,
1395,57,6,1.0,,,0.0,False,
1396,155,6,1.0,,,31.0,False,
1397,2,6,1.0,,,0.0,False,
1398,3,6,1.0,,,0.0,False,
1399,7,6,1.0,,,0.0,False,
1400,35,6,1.0,,,31.0,False,
1401,6,6,1.0,,,0.0,False,
1403,3,6,1.0,,,0.0,False,
1404,112,6,1.0,,,31.0,False,
1405,172,6,1.0,,,0.0,False,
1406,173,6,1.0,,,15.0,False,
1407,40,6,1.0,,,0.0,False,
1408,142,6,1.0,,,0.0,False,
1409,162,6,1.0,,,0.0,False,
1410,174,6,1.0,,,0.0,False,
1411,98,6,1.0,,,31.0,False,
1412,40,6,1.0,,,0.0,False,
1413,175,6,1.0,,,0.0,False,
1414,32,6,1.0,,,0.0,False,
1415,8,6,1.0,,,0.0,False,
1416,32,6,1.0,,,0.0,False,
1417,81,6,1.0,,,0.0,False,
1418,40,6,1.0,,,0.0,False,
1419,5,6,1.0,,,31.0,False,
1420,152,6,1.0,,,31.0,False,
1421,21,6,1.0,,,0.0,False,
1422,37,6,1.0,,,0.0,False,
1423,5,6,1.0,,,0.0,False,
1424,7,6,1.0,,,0.0,False,
1425,60,6,1.0,,,31.0,False,
1426,148,6,1.0,,,0.0,False,
1427,45,6,1.0,,,0.0,False,
1428,57,6,1.0,,,0.0,False,
1429,64,6,1.0,,,31.0,False,
1431,18,6,,,,0.0,False,
1433,145,6,1.0,,,31.0,False,
1434,1,6,1.0,,,0.0,False,
1435,25,6,1.0,,,0.0,False,
1436,153,6,1.0,,,0.0,False,
1437,24,6,1.0,,,0.0,False,
1438,110,6,1.0,,,31.0,False,
1439,7,6,1.0,,,0.0,False,
1440,84,6,1.0,,,0.0,False,
1441,111,6,1.0,,,0.0,False,
1442,112,6,1.0,,,31.0,False,
1443,87,6,1.0,,,0.0,False,
1444,6,6,1.0,,,0.0,False,
1445,2,6,1.0,,,0.0,False,
1446,159,6,1.0,,,31.0,False,
1447,176,6,1.0,,,0.0,False,
1448,177,6,1.0,,,0.0,False,
1449,8,6,1.0,,,0.0,False,
1450,25,6,1.0,,,0.0,False,
1451,158,6,1.0,,,0.0,False,
1452,178,6,1.0,,,0.0,False,
1453,152,6,1.0,,,31.0,False,
1454,7,6,1.0,,,0.0,False,
1455,35,6,1.0,,,31.0,False,
1456,98,6,1.0,,,31.0,False,
1457,42,6,1.0,,,31.0,False,
1458,140,6,1.0,,,31.0,False,
1459,140,6,1.0,,,31.0,False,
1460,21,6,1.0,,,0.0,False,
1461,2,6,1.0,,,0.0,False,
1462,5,6,,,,31.0,False,
1463,7,6,1.0,,,0.0,False,
1464,5,6,1.0,,,0.0,False,
1465,170,6,1.0,,,0.0,False,
1466,19,6,1.0,,,0.0,False,
1467,175,6,1.0,,,0.0,False,
1468,19,6,1.0,,,0.0,False,
1469,151,6,1.0,,,31.0,False,
1470,76,6,1.0,,,0.0,False,
1471,164,6,1.0,,,31.0,False,
1472,5,6,1.0,,,31.0,False,
1473,84,6,1.0,,,31.0,False,
1474,40,6,1.0,,,0.0,False,
1475,41,6,1.0,,,31.0,False,
1476,179,6,1.0,,,31.0,False,
1477,180,6,1.0,,,0.0,False,
1478,40,6,1.0,,,0.0,False,
1479,74,6,1.0,,,0.0,False,
1480,7,6,1.0,,,0.0,False,
1481,6,6,1.0,,,0.0,False,
1482,167,6,1.0,,,0.0,False,
1483,21,6,1.0,,,0.0,False,
1484,1,6,1.0,,,0.0,False,
1485,13,6,1.0,,,31.0,False,
1486,173,6,1.0,,,31.0,False,
1487,40,6,1.0,,,0.0,False,
1488,40,6,1.0,,,0.0,False,
1489,139,6,1.0,,,0.0,False,
1490,2,6,1.0,,,0.0,False,
1491,181,6,1.0,,,31.0,False,
1492,35,6,1.0,,,31.0,False,
1493,161,6,1.0,,,0.0,False,
1494,25,6,1.0,,,0.0,False,
1495,3,6,1.0,,,0.0,False,
1496,182,6,1.0,,,0.0,False,
1497,110,6,1.0,,,31.0,False,
1498,152,6,1.0,,,31.0,False,
1499,183,6,1.0,,,16.0,False,
1500,184,6,1.0,,,0.0,False,
1501,162,6,1.0,,,0.0,False,
1502,7,6,1.0,,,0.0,False,
1503,57,6,1.0,,,0.0,False,
1504,40,6,1.0,,,0.0,False,
1505,21,6,1.0,,,0.0,False,
1506,60,6,1.0,,,31.0,False,
1508,112,6,1.0,,,31.0,False,
1509,182,6,1.0,,,31.0,False,
1510,186,6,1.0,,,31.0,False,
1511,40,6,1.0,,,0.0,False,
1512,84,6,1.0,,,0.0,False,
1513,187,6,1.0,,,0.0,False,
1514,32,6,1.0,,,0.0,False,
1515,169,6,1.0,,,0.0,False,
1516,188,6,1.0,,,31.0,False,
1517,7,6,1.0,,,0.0,False,
1518,13,6,1.0,,,31.0,False,
1519,2,6,1.0,,,0.0,False,
1520,5,6,1.0,,,0.0,False,
1521,17,6,1.0,,,0.0,False,
1522,189,6,1.0,,,0.0,False,
1523,40,6,1.0,,,0.0,False,
1524,164,6,1.0,,,31.0,False,
1525,64,6,1.0,,,31.0,False,
1526,186,6,1.0,,,31.0,False,
1527,32,6,1.0,,,0.0,False,
1528,190,6,1.0,,,31.0,False,
1529,191,6,1.0,,,31.0,False,
1530,170,6,1.0,,,0.0,False,
1531,186,6,1.0,,,0.0,False,
1532,41,6,1.0,,,31.0,False,
1533,7,6,1.0,,,0.0,False,
1534,24,6,1.0,,,31.0,False,
1535,7,6,1.0,,,0.0,False,
1536,32,6,1.0,,,0.0,False,
1537,40,6,1.0,,,0.0,False,
1538,32,6,1.0,,,0.0,False,
1539,82,6,1.0,,,0.0,False,
1540,25,6,1.0,,,0.0,False,
1541,186,6,1.0,,,31.0,False,
1542,60,6,1.0,,,31.0,False,
1543,192,6,1.0,,,0.0,False,
1544,149,6,1.0,,,31.0,False,
1545,32,6,1.0,,,0.0,False,
1546,186,12,1.0,,,31.0,False,
1547,34,6,1.0,,,0.0,False,
1548,135,6,1.0,,,0.0,False,
1549,173,6,1.0,,,31.0,False,
1550,152,6,1.0,,,31.0,False,
1551,163,6,1.0,,,0.0,False,
1552,37,6,1.0,,,0.0,False,
1553,98,6,1.0,,,31.0,False,
1554,110,6,1.0,,,31.0,False,
1555,120,6,1.0,,,31.0,False,
1556,64,6,1.0,,,31.0,False,
1557,170,6,1.0,,,0.0,False,
1558,152,6,1.0,,,31.0,False,
1560,7,6,1.0,,,0.0,False,
1561,98,6,1.0,,,31.0,False,
1562,182,6,1.0,,,31.0,False,
1563,87,6,1.0,,,0.0,False,
1564,82,6,1.0,,,0.0,False,
1565,32,6,1.0,,,0.0,False,
1566,19,6,1.0,,,0.0,False,
1567,161,6,1.0,,,0.0,False,
1568,148,6,1.0,,,0.0,False,
1569,45,6,1.0,,,0.0,False,
1570,24,6,1.0,,,31.0,False,
1571,13,6,1.0,,,31.0,False,
1572,112,6,1.0,,,31.0,False,
1573,84,6,1.0,,,0.0,False,
1574,2,6,1.0,,,0.0,False,
1575,5,6,1.0,,,31.0,False,
1576,21,6,1.0,,,0.0,False,
1577,81,6,1.0,,,0.0,False,
1578,41,6,1.0,,,31.0,False,
1579,32,6,1.0,,,0.0,False,
1580,7,6,1.0,,,0.0,False,
1581,40,6,1.0,,,0.0,False,
1582,194,6,1.0,,,0.0,False,
1583,37,6,1.0,,,0.0,False,
1584,155,6,1.0,,,31.0,False,
1585,32,6,1.0,,,0.0,False,
1586,173,6,1.0,,,31.0,False,
1587,24,6,1.0,,,31.0,False,
1588,60,6,1.0,,,31.0,False,
1589,57,6,1.0,,,0.0,False,
1590,2,6,1.0,,,0.0,False,
1591,84,6,1.0,,,0.0,False,
1592,2,6,1.0,,,0.0,False,
1594,21,6,1.0,,,0.0,False,
1595,3,6,1.0,,,0.0,False,
1596,162,6,1.0,,,0.0,False,
1597,2,6,1.0,,,0.0,False,
1598,21,6,1.0,,,0.0,False,
1599,152,6,1.0,,,31.0,False,
1600,5,6,1.0,,,31.0,False,
1601,35,6,1.0,,,31.0,False,
1602,6,6,1.0,,,0.0,False,
1603,108,6,1.0,,,31.0,False,
1604,127,6,1.0,,,0.0,False,
1605,190,6,1.0,,,31.0,False,
1606,112,6,1.0,,,31.0,False,
1607,98,6,1.0,,,31.0,False,
1608,19,6,1.0,,,0.0,False,
1609,170,6,1.0,,,0.0,False,
1610,162,6,1.0,,,0.0,False,
1611,37,6,1.0,,,0.0,False,
1612,3,6,1.0,,,0.0,False,
1613,7,6,1.0,,,0.0,False,
1614,6,6,1.0,,,0.0,False,
1615,152,6,1.0,,,31.0,False,
1616,153,6,1.0,,,0.0,False,
1617,57,6,1.0,,,0.0,False,
1618,98,6,1.0,,,31.0,False,
1619,21,6,1.0,,,0.0,False,
1620,42,6,1.0,,,31.0,False,
1622,108,6,1.0,,,31.0,False,
1623,110,6,1.0,,,31.0,False,
1624,64,6,1.0,,,31.0,False,
1625,176,6,1.0,,,0.0,False,
1626,173,6,1.0,,,31.0,False,
1627,155,6,1.0,,,31.0,False,
1628,7,6,1.0,,,0.0,False,
1630,37,6,1.0,,,0.0,False,
1632,42,6,1.0,,,0.0,False,
1633,18,6,1.0,,,0.0,False,
1634,152,6,1.0,,,31.0,False,
1635,159,6,1.0,,,31.0,False,
1636,84,6,1.0,,,0.0,False,
1637,195,6,1.0,,,31.0,False,
1638,5,6,1.0,,,31.0,False,
1639,2,6,1.0,,,0.0,False,
1640,159,6,1.0,,,31.0,False,
1641,41,6,1.0,,,31.0,False,
1642,2,6,1.0,,,0.0,False,
1643,147,6,1.0,,,31.0,False,
1644,19,6,1.0,,,0.0,False,
1645,7,6,1.0,,,0.0,False,
1646,149,6,1.0,,,31.0,False,
1647,6,6,1.0,,,0.0,False,
1648,25,6,1.0,,,0.0,False,
1649,179,6,1.0,,,31.0,False,
1650,18,6,1.0,,,0.0,False,
1651,84,6,1.0,,,0.0,False,
1652,34,6,1.0,,,0.0,False,
1654,161,6,1.0,,,0.0,False,
1655,24,6,1.0,,,31.0,False,
1656,7,6,1.0,,,0.0,False,
1657,196,6,1.0,,,0.0,False,
1658,2,6,1.0,,,0.0,False,
1659,1,6,1.0,,,0.0,False,
1660,152,6,1.0,,,31.0,False,
1661,159,6,1.0,,,31.0,False,
1662,186,6,1.0,,,31.0,False,
1663,6,6,1.0,,,0.0,False,
1664,74,6,1.0,,,0.0,False,
1665,152,6,1.0,,,31.0,False,
1666,170,6,1.0,,,0.0,False,
1667,108,6,1.0,,,31.0,False,
1668,152,6,1.0,,,0.0,False,
1669,6,6,1.0,,,0.0,False,
1670,57,6,1.0,,,0.0,False,
1671,40,6,1.0,,,0.0,False,
1672,32,6,1.0,,,0.0,False,
1673,147,6,1.0,,,31.0,False,
1674,5,6,1.0,,,31.0,False,
1675,161,6,1.0,,,0.0,False,
1676,18,6,1.0,,,0.0,False,
1677,162,6,1.0,,,0.0,False,
1678,82,6,1.0,,,0.0,False,
1679,60,6,1.0,,,31.0,False,
1680,7,6,1.0,,,0.0,False,
1681,2,6,1.0,,,0.0,False,
1682,102,6,1.0,,,0.0,False,
1683,86,6,1.0,,,31.0,False,
1684,159,6,1.0,,,31.0,False,
1685,155,6,1.0,,,31.0,False,
1686,5,6,1.0,,,31.0,False,
1689,173,6,1.0,,,31.0,False,
1690,7,6,1.0,,,0.0,False,
1691,22,6,1.0,,,0.0,False,
1692,198,6,1.0,,,31.0,False,
1693,35,6,1.0,,,31.0,False,
1694,135,6,1.0,,,0.0,False,
1695,135,6,1.0,,,0.0,False,
1696,17,6,1.0,,,0.0,False,
1697,175,6,1.0,,,0.0,False,
1698,130,6,1.0,,,31.0,False,
1699,24,6,1.0,,,31.0,False,
1700,19,6,1.0,,,0.0,False,
1701,84,6,1.0,,,0.0,False,
1702,21,6,1.0,,,0.0,False,
1703,25,6,1.0,,,0.0,False,
1704,19,6,1.0,,,0.0,False,
1705,159,6,1.0,,,31.0,False,
1706,2,6,1.0,,,0.0,False,
1707,35,6,1.0,,,31.0,False,
1708,170,6,1.0,,,0.0,False,
1709,192,6,1.0,,,0.0,False,
1710,161,6,1.0,,,0.0,False,
1711,41,6,1.0,,,31.0,False,
1712,7,6,1.0,,,0.0,False,
1713,200,6,1.0,,,0.0,False,
1714,63,6,1.0,,,31.0,False,
1715,21,6,1.0,,,0.0,False,
1716,67,6,1.0,,,0.0,False,
1717,201,6,1.0,,,0.0,False,
1718,152,6,1.0,,,31.0,False,
1719,130,6,1.0,,,31.0,False,
1721,37,6,1.0,,,0.0,False,
1722,6,6,1.0,,,0.0,False,
1723,45,6,1.0,,,0.0,False,
1724,2,6,1.0,,,0.0,False,
1725,202,6,1.0,,,0.0,False,
1726,173,6,1.0,,,31.0,False,
1727,21,6,1.0,,,0.0,False,
1728,2,6,1.0,,,0.0,False,
1729,17,6,1.0,,,0.0,False,
1730,18,6,1.0,,,0.0,False,
1731,24,6,1.0,,,31.0,False,
1732,13,6,1.0,,,31.0,False,
1733,190,6,1.0,,,31.0,False,
1734,1,6,1.0,,,0.0,False,
1735,98,6,1.0,,,31.0,False,
1736,84,6,1.0,,,0.0,False,
1737,6,6,1.0,,,0.0,False,
1738,82,6,1.0,,,0.0,False,
1739,5,6,1.0,,,31.0,False,
1740,1,6,1.0,,,0.0,False,
1741,64,6,1.0,,,31.0,False,
1742,25,6,1.0,,,0.0,False,
1743,147,6,1.0,,,31.0,False,
1744,153,6,1.0,,,31.0,False,
1745,60,6,1.0,,,31.0,False,
1746,57,6,1.0,,,0.0,False,
1747,163,6,1.0,,,0.0,False,
1748,149,6,1.0,,,31.0,False,
1749,108,6,1.0,,,31.0,False,
1750,42,6,1.0,,,31.0,False,
1751,41,6,1.0,,,31.0,False,
1752,24,6,1.0,,,0.0,False,
1753,7,6,1.0,,,0.0,False,
1754,152,12,1.0,,,31.0,False,
1755,22,12,1.0,,,0.0,False,
1756,67,1,1.0,,,0.0,False,
1757,25,12,1.0,,,0.0,False,
1759,203,12,1.0,,,31.0,False,
1760,158,12,1.0,,,0.0,False,
1762,140,12,1.0,,,31.0,False,
1763,22,12,1.0,,,0.0,False,
1764,2,1,1.0,,,0.0,False,
1765,7,12,1.0,,,0.0,False,
1766,84,12,1.0,,,0.0,False,
1767,8,1,1.0,,,0.0,False,
1768,35,1,1.0,,,31.0,False,
1769,7,12,1.0,,,0.0,False,
1770,37,6,1.0,,,0.0,False,
1771,98,6,1.0,,,31.0,False,
1772,18,6,1.0,,,0.0,False,
1773,130,6,1.0,,,31.0,False,
1774,25,6,1.0,,,0.0,False,
1775,7,6,1.0,,,0.0,False,
1776,204,6,1.0,,,0.0,False,
1777,22,6,1.0,,,0.0,False,
1778,142,6,1.0,,,0.0,False,
1779,2,6,1.0,,,0.0,False,
1780,179,6,1.0,,,31.0,False,
1781,98,6,1.0,,,31.0,False,
1782,149,6,1.0,,,31.0,False,
1783,5,6,1.0,,,31.0,False,
1784,18,6,3.0,,,0.0,False,
1785,170,6,1.0,,,0.7,False,
1786,173,6,1.0,,,31.0,False,
1788,152,13,1.0,,,31.0,False,
1789,2,6,1.0,,,0.0,False,
1790,67,6,1.0,,,0.0,False,
1791,3,6,1.0,,,0.0,False,
1792,82,6,1.0,,,0.0,False,
1793,110,6,1.0,,,31.0,False,
1794,22,6,1.0,,,0.0,False,
1795,22,6,1.0,,,0.0,False,
1796,205,6,1.0,,,31.0,False,
1797,140,6,1.0,,,31.0,False,
1798,180,6,1.0,,,0.0,False,
1799,7,12,1.0,,,0.0,False,
1800,22,12,1.0,,,0.0,False,
1801,67,1,1.0,,,0.0,False,
1802,18,1,1.0,,,0.0,False,
1804,13,1,1.0,,,31.0,False,
1805,60,1,1.0,,,31.0,False,
1806,14,1,1.0,,,29.8,False,
1807,22,1,1.0,,,0.0,False,
1808,2,1,1.0,,,0.0,False,
1809,206,8,1.0,,,31.0,False,
1810,161,1,1.0,,,0.0,False,
1811,140,1,1.0,,,31.0,False,
1812,151,1,1.0,,,31.0,False,
1813,22,1,1.0,,,0.0,False,
1814,6,1,1.0,,,0.0,False,
1815,159,1,1.0,,,31.0,False,
1816,182,1,1.0,,,31.0,False,
1817,6,1,1.0,,,0.0,False,
1818,14,1,1.0,,,31.0,False,
1819,22,1,1.0,,,0.0,False,
1820,84,1,1.0,,,0.0,False,
1821,22,1,1.0,,,0.0,False,
1822,155,1,1.0,,,31.0,False,
1823,151,1,1.0,,,31.0,False,
1824,5,1,1.0,,,31.0,False,
1825,35,1,1.0,,,31.0,False,
1826,64,13,1.0,,,31.0,False,
1828,25,13,1.0,,,0.0,False,
1829,190,13,1.0,,,0.0,False,
1832,22,13,1.0,,,0.0,False,
1835,18,13,1.0,,,0.0,False,
1836,152,13,1.0,,,31.0,False,
1837,22,1,1.0,,,0.0,False,
1838,203,1,1.0,,,31.0,False,
1839,22,1,1.0,,,0.0,False,
1840,41,1,1.0,,,31.0,False,
1841,22,1,1.0,,,0.0,False,
1842,130,1,1.0,,,31.0,False,
1843,195,1,1.0,,,31.0,False,
1844,2,1,1.0,,,0.0,False,
1845,22,1,1.0,,,0.0,False,
1846,7,1,1.0,,,0.0,False,
1847,32,1,1.0,,,0.0,False,
1848,84,1,1.0,,,0.0,False,
1849,24,1,1.0,,,0.0,False,
1850,47,1,1.0,,,31.0,False,
1851,40,12,1.0,,,0.0,False,
1852,6,1,1.0,,,0.0,False,
1853,57,1,1.0,,,0.0,False,
1854,22,1,1.0,,,0.0,False,
1855,22,1,1.0,,,0.0,False,
1856,151,1,1.0,,,31.0,False,
1857,2,1,1.0,,,0.0,False,
1858,22,1,1.0,,,0.0,False,
1859,2,1,1.0,,,31.0,False,
1860,17,1,1.0,,,0.0,False,
1861,207,1,1.0,,,0.0,False,
1862,98,1,1.0,,,31.0,False,
1863,179,1,1.0,,,31.0,False,
1864,208,1,1.0,,,31.0,False,
1865,170,1,1.0,,,0.0,False,
1866,7,1,1.0,,,0.0,False,
1867,40,1,1.0,,,0.0,False,
1868,6,1,1.0,,,0.0,False,
1869,22,1,1.0,,,0.0,False,
1870,3,1,1.0,,,0.0,False,
1871,42,1,1.0,,,31.0,False,
1872,176,1,1.0,,,0.0,False,
1873,190,1,1.0,,,31.0,False,
1874,25,1,1.0,,,0.0,False,
1875,63,1,1.0,,,31.0,False,
1876,22,1,1.0,,,0.0,False,
1877,22,1,1.0,,,0.0,False,
1878,1,1,1.0,,,0.0,False,
1879,162,1,1.0,,,0.0,False,
1880,147,1,1.0,,,31.0,False,
1881,82,1,1.0,,,31.0,False,
1882,21,1,1.0,,,0.0,False,
1883,185,1,1.0,,,31.0,False,
1884,183,1,1.0,,,31.0,False,
1885,22,1,1.0,,,0.0,False,
1886,86,1,1.0,,,31.0,False,
1887,86,1,1.0,,,0.0,False,
1890,7,1,1.0,,,0.0,False,
1891,60,1,1.0,,,31.0,False,
1892,22,1,1.0,,,0.0,False,
1893,173,1,1.0,,,31.0,False,
1894,18,1,1.0,,,0.0,False,
1895,206,1,1.0,,,31.0,False,
1896,22,1,1.0,,,0.0,False,
1897,35,1,1.0,,,31.0,False,
1898,13,1,1.0,,,31.0,False,
1900,209,1,1.0,,,0.0,False,
1901,152,1,1.0,,,31.0,False,
1902,22,1,1.0,,,0.0,False,
1903,188,1,1.0,,,31.0,False,
1904,159,1,1.0,,,30.9,False,
1905,21,1,1.0,,,0.0,False,
1906,22,1,1.0,,,0.0,False,
1907,210,1,1.0,,,31.0,False,
1908,22,1,1.0,,,0.0,False,
1909,24,1,1.0,,,0.0,False,
1910,17,1,1.0,,,0.0,False,
1911,199,1,1.0,,,31.0,False,
1912,190,1,1.0,,,31.0,False,
1913,209,1,1.0,,,0.0,False,
1914,18,1,1.0,,,0.0,False,
1915,22,1,1.0,,,0.0,False,
1917,6,1,1.0,,,0.0,False,
1918,22,1,1.0,,,0.0,False,
1919,209,1,1.0,,,0.0,False,
1920,209,1,1.0,,,0.0,False,
1921,22,1,1.0,,,0.0,False,
1922,22,1,1.0,,,0.0,False,
1923,41,1,1.0,,,31.0,False,
1924,22,1,1.0,,,0.0,False,
1925,17,1,1.0,,,0.0,False,
1926,22,1,1.0,,,0.0,False,
1927,84,1,1.0,,,0.0,False,
1928,22,1,1.0,,,0.0,False,
1929,35,1,1.0,,,31.0,False,
1930,22,1,1.0,,,0.0,False,
1931,208,1,1.0,,,0.0,False,
1932,211,1,1.0,,,0.0,False,
1933,21,1,1.0,,,0.0,False,
1934,7,1,1.0,,,0.0,False,
1935,22,1,1.0,,,0.0,False,
1936,47,1,1.0,,,31.0,False,
1937,64,1,1.0,,,31.0,False,
1939,18,1,1.0,,,0.0,False,
1940,149,1,1.0,,,31.0,False,
1941,22,1,1.0,,,0.0,False,
1942,173,1,1.0,,,31.0,False,
1943,110,1,1.0,,,31.0,False,
1944,209,1,1.0,,,0.0,False,
1945,209,1,1.0,,,0.0,False,
1947,17,1,1.0,,,0.0,False,
1948,22,1,1.0,,,0.0,False,
1949,19,1,1.0,,,0.0,False,
1950,8,12,1.0,,,0.0,False,
1951,7,12,1.0,,,0.0,False,
1952,24,12,1.0,,,31.0,False,
1953,162,12,1.0,,,0.0,False,
1954,13,12,1.0,,,31.0,False,
1955,22,12,1.0,,,0.0,False,
1957,22,12,1.0,,,0.0,False,
1958,190,1,1.0,,,31.0,False,
1959,176,1,1.0,,,0.0,False,
1960,209,12,1.0,,,0.0,False,
1961,161,12,1.0,,,0.0,False,
1962,22,12,1.0,,,0.0,False,
1963,213,12,1.0,,,0.0,False,
1964,152,12,1.0,,,31.0,False,
1965,203,1,1.0,,,0.0,False,
1966,7,12,1.0,,,0.0,False,
1967,7,1,1.0,,,0.0,False,
1968,22,12,1.0,,,0.0,False,
1970,22,12,1.0,,,0.0,False,
1971,209,12,1.0,,,0.0,False,
1972,206,12,1.0,,,31.0,False,
1973,14,12,1.0,,,0.0,False,
1974,2,1,1.0,,,0.0,False,
1975,22,1,1.0,,,0.0,False,
1977,84,12,1.0,,,0.0,False,
1978,22,12,1.0,,,0.0,False,
1979,7,12,1.0,,,0.0,False,
1980,19,12,1.0,,,0.0,False,
1981,5,12,1.0,,,31.0,False,
1982,40,15,1.0,,,0.0,False,
1983,209,12,1.0,,,0.0,False,
1984,208,12,1.0,,,0.0,False,
1985,21,15,1.0,,,0.0,False,
1987,22,8,1.0,,,0.0,False,
1989,47,8,1.0,,,31.0,False,
1990,151,8,1.0,,,31.0,False,
1991,22,8,1.0,,,0.0,False,
1992,7,1,1.0,,,0.0,False,
1993,186,8,1.0,,,31.0,False,
1994,18,1,1.0,,,0.0,False,
1995,40,8,1.0,,,0.0,False,
1996,209,8,1.0,,,0.0,False,
1997,215,1,1.0,,,0.0,False,
1998,82,8,1.0,,,31.0,False,
1999,195,8,1.0,,,31.0,False,
2000,22,8,1.0,,,0.0,False,
2001,60,14,1.0,,,31.0,False,
2002,180,8,1.0,,,0.0,False,
2003,41,8,1.0,,,31.0,False,
2004,22,1,1.0,,,0.0,False,
2005,7,14,1.0,,,0.0,False,
2007,6,14,1.0,,,0.0,False,
2008,22,8,1.0,,,0.0,False,
2009,215,8,1.0,,,0.0,False,
2010,216,8,1.0,,,31.0,False,
2012,18,14,1.0,,,0.0,False,
2013,203,14,1.0,,,0.0,False,
2014,6,14,1.0,,,0.0,False,
2015,22,14,1.0,,,0.0,False,
2016,19,14,1.0,,,0.0,False,
2017,153,14,1.0,,,31.0,False,
2018,19,14,1.0,,,0.0,False,
2019,147,1,1.0,,,31.0,False,
2021,22,8,1.0,,,0.0,False,
2022,22,14,1.0,,,0.0,False,
2023,217,8,1.0,,,0.0,False,
2024,218,1,1.0,,,0.0,False,
2025,24,14,1.0,,,0.0,False,
2026,161,14,1.0,,,0.0,False,
2027,186,14,1.0,,,31.0,False,
2028,40,8,1.0,,,0.0,False,
2029,19,8,1.0,,,0.0,False,
2030,7,15,1.0,,,0.0,False,
2031,22,15,1.0,,,0.0,False,
2032,190,14,1.0,,,31.0,False,
2033,21,14,1.0,,,0.0,False,
2034,219,14,1.0,,,0.0,False,
2035,22,14,1.0,,,0.0,False,
2036,47,14,1.0,,,31.0,False,
2037,1,14,1.0,,,0.0,False,
2040,152,14,1.0,,,31.0,False,
2041,170,14,1.0,,,0.0,False,
2042,18,14,1.0,,,0.0,False,
2043,221,14,1.0,,,0.0,False,
2044,7,14,1.0,,,0.0,False,
2045,84,14,1.0,,,0.0,False,
2046,40,8,1.0,,,0.0,False,
2047,22,8,1.0,,,0.0,False,
2048,22,14,1.0,,,0.0,False,
2049,21,14,1.0,,,0.0,False,
2050,19,15,1.0,,,0.0,False,
2052,35,14,1.0,,,31.0,False,
2054,6,14,1.0,,,0.0,False,
2055,19,14,1.0,,,0.0,False,
2056,19,14,1.0,,,0.0,False,
2057,110,14,1.0,,,31.0,False,
2058,203,14,1.0,,,0.0,False,
2060,64,14,1.0,,,31.0,False,
2061,222,14,1.0,,,0.0,False,
2062,22,8,1.0,,,0.0,False,
2063,40,8,1.0,,,0.0,False,
2064,2,8,1.0,,,0.0,False,
2065,19,14,1.0,,,0.0,False,
2066,84,14,1.0,,,0.0,False,
2067,145,14,1.0,,,31.0,False,
2068,22,14,1.0,,,0.0,False,
2069,215,8,1.0,,,0.0,False,
2070,22,8,1.0,,,0.0,False,
2071,22,8,1.0,,,0.0,False,
2072,196,8,1.0,,,0.0,False,
2073,7,8,1.0,,,0.0,False,
2074,22,14,1.0,,,0.0,False,
2075,40,14,1.0,,,0.0,False,
2076,7,1,1.0,,,0.0,False,
2077,152,14,1.0,,,31.0,False,
2078,57,8,1.0,,,0.0,False,
2079,22,14,1.0,,,0.0,False,
2080,18,14,1.0,,,0.0,False,
2081,41,8,1.0,,,31.0,False,
2082,42,8,1.0,,,31.0,False,
2083,22,14,1.0,,,0.0,False,
2084,173,14,1.0,,,31.0,False,
2085,45,14,1.0,,,0.0,False,
2086,21,14,1.0,,,0.0,False,
2087,60,14,1.0,,,31.0,False,
2088,35,14,1.0,,,31.0,False,
2089,40,14,1.0,,,0.0,False,
2090,2,14,1.0,,,0.0,False,
2091,19,14,1.0,,,0.0,False,
2092,8,14,1.0,,,0.0,False,
2093,223,14,1.0,,,0.0,False,
2094,67,14,1.0,,,0.0,False,
2095,224,14,1.0,,,0.0,False,
2096,8,14,1.0,,,0.0,False,
2097,225,14,1.0,,,31.0,False,
2098,19,14,1.0,,,0.0,False,
2099,19,14,1.0,,,0.0,False,
2100,19,14,1.0,,,0.0,False,
2101,22,15,1.0,,,0.0,False,
2102,208,15,,,,0.0,False,
2103,117,15,1.0,,,0.0,False,
2105,186,14,1.0,,,31.0,False,
2107,18,14,1.0,,,0.0,False,
2108,5,14,1.0,,,31.0,False,
2109,40,14,1.0,,,0.0,False,
2110,203,14,,,,31.0,False,
2111,8,14,1.0,,,0.0,False,
2112,22,1,1.0,,,0.0,False,
2113,19,1,1.0,,,0.0,False,
2114,19,1,1.0,,,0.0,False,
2115,6,1,1.0,,,0.0,False,
2116,21,14,1.0,,,0.0,False,
2117,13,14,1.0,,,31.0,False,
2118,35,14,1.0,,,31.0,False,
2119,24,1,1.0,,,0.0,False,
2120,152,1,1.0,,,31.0,False,
2121,19,1,1.0,,,0.0,False,
2123,152,14,1.0,,,0.0,False,
2124,2,14,1.0,,,0.0,False,
2125,21,14,1.0,,,0.0,False,
2126,218,14,1.0,,,0.0,False,
2127,186,14,1.0,,,31.0,False,
2128,7,14,1.0,,,0.0,False,
2129,5,14,1.0,,,31.0,False,
2130,40,14,1.0,,,0.0,False,
2131,67,14,1.0,,,0.0,False,
2132,161,14,1.0,,,0.0,False,
2133,209,14,1.0,,,0.0,False,
2134,84,14,1.0,,,0.0,False,
2135,18,14,1.0,,,0.0,False,
2136,218,14,1.0,,,0.0,False,
2137,180,15,1.0,,,0.0,False,
2138,199,15,1.0,,,31.0,False,
2139,208,1,1.0,,,0.0,False,
2140,5,14,1.0,,,31.0,False,
2141,82,14,1.0,,,31.0,False,
2143,227,14,1.0,,,0.0,False,
2144,210,14,1.0,,,31.0,False,
2145,98,14,1.0,,,31.0,False,
2146,176,14,1.0,,,0.0,False,
2147,64,14,1.0,,,31.0,False,
2148,5,14,1.0,,,0.0,False,
2149,19,14,1.0,,,0.0,False,
2150,19,14,1.0,,,0.0,False,
2151,19,14,1.0,,,0.0,False,
2152,19,14,1.0,,,0.0,False,
2153,7,14,1.0,,,0.0,False,
2155,24,8,1.0,,,31.0,False,
2156,188,8,1.0,,,31.0,False,
2157,216,8,1.0,,,31.0,False,
2158,18,15,1.0,,,0.0,False,
2159,2,15,1.0,,,0.0,False,
2160,97,15,1.0,,,0.0,False,
2161,40,8,1.0,,,0.0,False,
2162,149,8,1.0,,,31.0,False,
2163,155,8,1.0,,,31.0,False,
2164,145,8,1.0,,,31.0,False,
2165,84,1,1.0,,,0.0,False,
2166,18,1,1.0,,,0.0,False,
2167,203,8,1.0,,,31.0,False,
2168,190,14,1.0,,,31.0,False,
2170,173,8,1.0,,,31.0,False,
2171,179,8,1.0,,,31.0,False,
2172,19,8,1.0,,,0.0,False,
2173,60,8,1.0,,,31.0,False,
2174,19,8,1.0,,,0.0,False,
2175,110,8,1.0,,,31.0,False,
2176,18,15,1.0,,,0.0,False,
2177,152,8,1.0,,,31.0,False,
2178,228,8,1.0,,,0.0,False,
2179,152,8,1.0,,,0.0,False,
2180,18,14,1.0,,,0.0,False,
2181,7,8,1.0,,,0.0,False,
2182,7,1,1.0,,,0.0,False,
2183,25,14,1.0,,,0.0,False,
2184,208,8,1.0,,,0.0,False,
2185,17,8,1.0,,,0.0,False,
2186,40,8,1.0,,,0.0,False,
2188,209,8,1.0,,,0.0,False,
2189,22,8,,,,0.0,False,
2190,19,8,1.0,,,0.0,False,
2191,84,8,1.0,,,0.0,False,
2192,2,8,1.0,,,0.0,False,
2193,216,8,1.0,,,31.0,False,
2194,162,8,1.0,,,0.0,False,
2195,21,8,1.0,,,0.0,False,
2196,67,8,1.0,,,0.0,False,
2197,208,14,1.0,,,0.0,False,
2198,35,14,1.0,,,31.0,False,
2199,41,14,1.0,,,31.0,False,
2200,7,8,1.0,,,0.0,False,
2201,67,8,1.0,,,0.0,False,
2202,7,8,1.0,,,0.0,False,
2203,19,8,1.0,,,0.0,False,
2204,229,8,1.0,,,0.0,False,
2205,203,8,1.0,,,31.0,False,
2206,24,8,1.0,,,31.0,False,
2207,229,8,1.0,,,0.0,False,
2208,82,8,1.0,,,31.0,False,
2209,180,8,1.0,,,0.0,False,
2210,40,8,1.0,,,0.0,False,
2211,2,14,1.0,,,0.0,False,
2212,18,8,1.0,,,0.0,False,
2213,84,8,1.0,,,0.0,False,
2214,35,8,1.0,,,31.0,False,
2215,230,8,1.0,,,0.0,False,
2216,2,14,1.0,,,0.0,False,
2217,13,8,1.0,,,31.0,False,
2218,208,8,1.0,,,0.0,False,
2219,67,8,1.0,,,0.0,False,
2220,183,8,1.0,,,31.0,False,
2221,179,8,1.0,,,31.0,False,
2222,7,8,1.0,,,0.0,False,
2223,5,14,1.0,,,31.0,False,
2224,19,8,1.0,,,0.0,False,
2225,1,14,1.0,,,0.0,False,
2226,41,8,1.0,,,31.0,False,
2227,180,8,1.0,,,0.0,False,
2228,228,8,1.0,,,31.0,False,
2229,64,8,1.0,,,31.0,False,
2230,57,8,1.0,,,0.0,False,
2231,60,8,1.0,,,31.0,False,
2232,180,8,1.0,,,0.0,False,
2233,25,8,1.0,,,0.0,False,
2234,2,8,1.0,,,0.0,False,
2235,231,8,1.0,,,0.0,False,
2236,84,14,1.0,,,0.0,False,
2238,232,1,1.0,,,0.0,False,
2239,2,8,1.0,,,0.0,False,
2240,233,8,1.0,,,31.0,False,
2241,21,14,1.0,,,0.0,False,
2242,161,14,1.0,,,0.0,False,
2243,234,8,1.0,,,0.0,False,
2244,179,8,1.0,,,31.0,False,
2245,18,14,1.0,,,0.0,False,
2246,84,8,1.0,,,0.0,False,
2247,67,8,1.0,,,0.0,False,
2248,5,8,1.0,,,31.0,False,
2250,104,8,1.0,,,31.0,False,
2251,152,8,1.0,,,31.0,False,
2252,63,8,1.0,,,31.0,False,
2253,231,8,1.0,,,0.0,False,
2254,231,8,1.0,,,0.0,False,
2255,231,8,1.0,,,0.0,False,
2256,235,8,1.0,,,0.0,False,
2257,170,14,1.0,,,0.0,False,
2258,203,14,1.0,,,31.0,False,
2259,110,14,1.0,,,31.0,False,
2260,171,14,1.0,,,31.0,False,
2262,24,8,1.0,,,31.0,False,
2263,84,8,1.0,,,0.0,False,
2264,210,8,1.0,,,31.0,False,
2265,203,8,1.0,,,31.0,False,
2266,42,8,1.0,,,31.0,False,
2267,13,8,1.0,,,31.0,False,
2268,18,14,1.0,,,0.0,False,
2269,208,14,1.0,,,0.0,False,
2270,219,14,1.0,,,0.0,False,
2271,236,8,1.0,,,0.0,False,
2272,57,8,1.0,,,0.0,False,
2273,208,8,1.0,,,0.0,False,
2274,158,8,1.0,,,0.0,False,
2275,82,8,1.0,,,31.0,False,
2276,231,8,1.0,,,0.0,False,
2277,40,8,1.0,,,0.0,False,
2278,237,8,1.0,,,31.0,False,
2279,24,8,1.0,,,31.0,False,
2280,187,8,1.0,,,0.0,False,
2281,84,8,1.0,,,0.0,False,
2282,64,8,1.0,,,31.0,False,
2283,218,14,1.0,,,0.0,False,
2284,228,8,1.0,,,0.0,False,
2285,7,8,1.0,,,0.0,False,
2286,149,8,1.0,,,31.0,False,
2287,7,14,1.0,,,0.0,False,
2288,60,8,1.0,,,31.0,False,
2289,176,8,1.0,,,0.0,False,
2290,137,8,1.0,,,0.0,False,
2291,162,14,1.0,,,0.0,False,
2293,18,14,1.0,,,0.0,False,
2294,152,8,1.0,,,31.0,False,
2295,25,8,1.0,,,0.0,False,
2296,21,8,1.0,,,0.0,False,
2297,234,14,1.0,,,0.0,False,
2299,13,14,1.0,,,31.0,False,
2300,173,8,1.0,,,31.0,False,
2301,238,14,1.0,,,0.0,False,
2302,25,14,1.0,,,0.0,False,
2303,40,8,1.0,,,0.0,False,
2304,21,8,1.0,,,0.0,False,
2305,67,8,1.0,,,0.0,False,
2307,18,8,1.0,,,0.0,False,
2308,216,8,1.0,,,31.0,False,
2309,41,8,1.0,,,31.0,False,
2310,82,8,1.0,,,31.0,False,
2311,13,8,1.0,,,31.0,False,
2312,8,8,1.0,,,0.0,False,
2313,35,8,1.0,,,31.0,False,
2314,84,14,1.0,,,0.0,False,
2315,117,1,1.0,,,0.0,False,
2317,60,15,1.0,,,0.0,False,
2318,2,15,1.0,,,0.0,False,
2319,67,15,1.0,,,0.0,False,
2320,34,15,1.0,,,0.0,False,
2321,40,8,1.0,,,0.0,False,
2322,231,8,1.0,,,0.0,False,
2323,152,8,1.0,,,31.0,False,
2324,239,8,1.0,,,0.0,False,
2325,110,8,1.0,,,31.0,False,
2326,18,8,1.0,,,0.0,False,
2327,98,8,1.0,,,31.0,False,
2328,18,8,1.0,,,0.0,False,
2329,84,15,1.0,,,0.0,False,
2330,228,8,1.0,,,31.0,False,
2331,224,14,1.0,,,0.0,False,
2332,18,14,1.0,,,0.0,False,
2333,82,8,1.0,,,31.0,False,
2334,233,8,1.0,,,31.0,False,
2335,7,14,1.0,,,0.0,False,
2336,221,14,1.0,,,0.0,False,
2337,60,8,1.0,,,62.0,False,
2338,2,14,1.0,,,0.0,False,
2339,182,14,1.0,,,31.0,False,
2340,35,8,1.0,,,31.0,False,
2341,2,8,1.0,,,0.0,False,
2342,240,8,1.0,,,0.0,False,
2343,221,14,1.0,,,0.0,False,
2344,41,8,1.0,,,31.0,False,
2345,241,8,1.0,,,0.0,False,
2346,13,8,1.0,,,31.0,False,
2347,24,8,1.0,,,31.0,False,
2348,241,8,1.0,,,0.0,False,
2349,239,8,1.0,,,31.0,False,
2351,24,8,1.0,,,0.0,False,
2352,233,8,1.0,,,31.0,False,
2353,18,15,1.0,,,0.0,False,
2354,40,1,1.0,,,0.0,False,
2355,221,1,1.0,,,0.0,False,
2356,188,8,1.0,,,31.0,False,
2357,67,8,1.0,,,0.0,False,
2358,162,14,1.0,,,0.0,False,
2359,221,14,1.0,,,0.0,False,
2362,7,8,1.0,,,0.0,False,
2363,176,8,1.0,,,0.0,False,
2364,153,8,1.0,,,31.0,False,
2365,231,14,1.0,,,0.0,False,
2366,231,14,1.0,,,0.0,False,
2367,159,8,1.0,,,31.0,False,
2368,222,8,1.0,,,0.0,False,
2369,67,8,1.0,,,0.0,False,
2370,24,8,1.0,,,0.0,False,
2371,24,8,1.0,,,0.0,False,
2372,84,8,1.0,,,0.0,False,
2373,203,8,1.0,,,31.0,False,
2374,221,8,1.0,,,0.0,False,
2375,63,8,1.0,,,31.0,False,
2376,225,8,1.0,,,31.0,False,
2377,186,16,1.0,,,31.0,False,
2378,186,16,1.0,,,0.0,False,
2379,186,16,1.0,,,0.0,False,
2380,186,16,1.0,,,0.0,False,
2381,231,16,1.0,,,0.0,False,
2382,231,16,1.0,,,0.0,False,
2383,218,8,1.0,,,0.0,False,
2384,241,16,1.0,,,0.0,False,
2385,173,8,1.0,,,31.0,False,
2386,35,14,1.0,,,31.0,False,
2387,137,8,1.0,,,0.0,False,
2388,152,8,1.0,,,31.0,False,
2389,218,8,1.0,,,0.0,False,
2390,21,14,,,,0.0,False,
2391,242,14,1.0,,,0.0,False,
2392,243,14,1.0,,,0.0,False,
2393,18,14,1.0,,,0.0,False,
2394,60,8,1.0,,,31.0,False,
2395,155,8,1.0,,,31.0,False,
2396,98,8,1.0,,,31.0,False,
2397,244,14,1.0,,,31.0,False,
2398,221,14,1.0,,,0.0,False,
2399,84,14,1.0,,,0.0,False,
2400,25,14,1.0,,,0.0,False,
2401,40,16,1.0,,,0.0,False,
2402,42,8,1.0,,,31.0,False,
2403,7,8,1.0,,,0.0,False,
2404,57,14,1.0,,,0.0,False,
2405,245,16,1.0,,,31.0,False,
2406,244,8,1.0,,,0.0,False,
2407,225,14,1.0,,,31.0,False,
2408,246,14,1.0,,,31.0,False,
2409,17,8,1.0,,,0.0,False,
2410,247,16,1.0,,,0.0,False,
2411,219,14,1.0,,,0.0,False,
2412,40,8,1.0,,,0.0,False,
2413,64,8,1.0,,,31.0,False,
2414,218,14,1.0,,,0.0,False,
2416,34,8,1.0,,,0.0,False,
2417,231,8,1.0,,,0.0,False,
2418,231,8,1.0,,,0.0,False,
2419,231,8,1.0,,,0.0,False,
2420,231,8,1.0,,,0.0,False,
2421,231,8,1.0,,,0.0,False,
2422,231,14,1.0,,,0.0,False,
2423,231,14,1.0,,,0.0,False,
2424,231,14,1.0,,,0.0,False,
2425,231,14,1.0,,,0.0,False,
2426,231,14,1.0,,,0.0,False,
2427,231,14,1.0,,,0.0,False,
2428,231,14,1.0,,,0.0,False,
2429,231,14,1.0,,,0.0,False,
2430,231,14,1.0,,,0.0,False,
2431,231,14,1.0,,,0.0,False,
2432,231,14,1.0,,,0.0,False,
2433,231,14,1.0,,,0.0,False,
2434,231,14,1.0,,,0.0,False,
2435,231,14,1.0,,,0.0,False,
2436,231,14,1.0,,,0.0,False,
2437,82,8,1.0,,,31.0,False,
2438,203,14,1.0,,,31.0,False,
2439,40,8,1.0,,,0.0,False,
2440,24,1,1.0,,,31.0,False,
2441,231,1,1.0,,,0.0,False,
2442,170,8,1.0,,,0.0,False,
2443,137,8,1.0,,,0.0,False,
2444,221,8,1.0,,,0.0,False,
2445,231,8,1.0,,,0.0,False,
2446,231,8,1.0,,,0.0,False,
2447,231,8,1.0,,,0.0,False,
2448,231,8,1.0,,,0.0,False,
2449,147,8,1.0,,,31.0,False,
2450,247,8,1.0,,,0.0,False,
2451,218,8,1.0,,,0.0,False,
2452,84,14,1.0,,,0.0,False,
2453,161,8,1.0,,,0.0,False,
2454,110,14,,,,31.0,False,
2455,152,14,1.0,,,31.0,False,
2456,18,16,1.0,,,0.0,False,
2457,40,8,1.0,,,0.0,False,
2458,21,8,1.0,,,0.0,False,
2459,2,14,1.0,,,0.0,False,
2460,221,14,1.0,,,0.0,False,
2461,231,8,1.0,,,0.0,False,
2462,21,8,1.0,,,0.0,False,
2463,231,8,1.0,,,0.0,False,
2464,182,1,1.0,,,31.0,False,
2465,208,1,1.0,,,0.0,False,
2466,40,8,1.0,,,0.0,False,
2467,7,8,1.0,,,0.0,False,
2468,82,8,1.0,,,31.0,False,
2469,231,8,1.0,,,0.0,False,
2470,231,8,1.0,,,0.0,False,
